ESTADO,MUNICIPIO,LAT,LON
AGUASCALIENTES,AGUASCALIENTES,21.81143623193712,-102.2958029
AGUASCALIENTES,ASIENTOS,22.12650816486179,-102.0456381
AGUASCALIENTES,CALVILLO,21.900694488027394,-102.7049039
AGUASCALIENTES,COSIO,22.360626738683344,-102.2970417
AGUASCALIENTES,EL LLANO,21.921519432916046,-102.0353985
AGUASCALIENTES,JESUS MARIA,21.932117504934624,-102.4456493
AGUASCALIENTES,PABELLON DE ARTEAGA,22.10454236329871,-102.3016772
AGUASCALIENTES,RINCON DE ROMOS,22.267407748402807,-102.3407287
AGUASCALIENTES,SAN FRANCISCO DE LOS ROMO,22.03307051010787,-102.2290214
AGUASCALIENTES,SAN JOSE DE GRACIA,22.146634607308034,-102.5258387
AGUASCALIENTES,TEPEZALA,22.236973791581494,-102.1921306
BAJA CALIFORNIA,ENSENADA,30.02724719605865,-114.9230323
BAJA CALIFORNIA,MEXICALI,31.899936338484455,-115.2835031
BAJA CALIFORNIA,PLAYAS DE ROSARITO,32.25294577045645,-116.8907216
BAJA CALIFORNIA,TECATE,32.44079488,-116.2690216
BAJA CALIFORNIA,TIJUANA,32.404060510134016,-116.8198183
BAJA CALIFORNIA SUR,COMONDU,25.532486617065558,-111.8085224
BAJA CALIFORNIA SUR,LA PAZ,24.184340905768952,-110.6412879
BAJA CALIFORNIA SUR,LORETO,25.953214672503606,-111.4487746
BAJA CALIFORNIA SUR,LOS CABOS,23.27659623,-109.7532971
BAJA CALIFORNIA SUR,MULEGE,27.287133063024477,-113.2257398
CAMPECHE,CALAKMUL,18.40289277144796,-89.66159281
CAMPECHE,CALKINI,20.38264270682707,-90.21679583
CAMPECHE,CAMPECHE,19.616878872939353,-90.26746473
CAMPECHE,CANDELARIA,18.099166123358753,-90.71671992
CAMPECHE,CARMEN,18.498387471299516,-91.45163947
CAMPECHE,CHAMPOTON,19.134152670342747,-90.49926055
CAMPECHE,ESCARCEGA,18.550598256438406,-90.4743501
CAMPECHE,HECELCHAKAN,20.124435842153456,-90.13538764
CAMPECHE,HOPELCHEN,19.474071736814214,-89.60964397
CAMPECHE,PALIZADA,18.273499151296694,-91.9741339
CAMPECHE,TENABO,19.96961809485564,-90.23293069
CHIAPAS,ACACOYAGUA,15.414139836892666,-92.68168536
CHIAPAS,ACALA,16.537752919520422,-92.84090254
CHIAPAS,ACAPETAHUA,15.233735998929738,-92.77232666
CHIAPAS,ALDAMA,16.921830923143194,-92.69017606
CHIAPAS,ALTAMIRANO,16.661884504049937,-91.86257298
CHIAPAS,AMATAN,17.38559389350657,-92.8573383
CHIAPAS,AMATENANGO DE LA FRONTERA,15.557083293285608,-92.0975134
CHIAPAS,AMATENANGO DEL VALLE,16.515289553971026,-92.39542713
CHIAPAS,ANGEL ALBINO CORZO,15.75814832183833,-92.68044797
CHIAPAS,ARRIAGA,16.248818441330492,-93.93743872
CHIAPAS,BEJUCAL DE OCAMPO,15.491755248543223,-92.16129267
CHIAPAS,BELLA VISTA,15.619584599423906,-92.24241688
CHIAPAS,BENEMERITO DE LAS AMERICAS,16.281550781433026,-90.56334922
CHIAPAS,BERRIOZABAL,16.868787323242476,-93.31892433
CHIAPAS,BOCHIL,17.014122761769535,-92.95879022
CHIAPAS,CACAHOATAN,15.086365999649079,-92.16426467
CHIAPAS,CATAZAJA,17.77987127803437,-91.99760375
CHIAPAS,CHALCHIHUITAN,17.02127054226781,-92.61180175
CHIAPAS,CHAMULA,16.81936582272636,-92.68016909
CHIAPAS,CHANAL,16.611533215231884,-92.21697044
CHIAPAS,CHAPULTENANGO,17.32679743424374,-93.13153759
CHIAPAS,CHENALHO,16.95015717111901,-92.57043515
CHIAPAS,CHIAPA DE CORZO,16.598071403484045,-92.97063176
CHIAPAS,CHIAPILLA,16.55397282510575,-92.72594407
CHIAPAS,CHICOASEN,16.995333049263333,-93.11151997
CHIAPAS,CHICOMUSELO,15.799032254940833,-92.39128986
CHIAPAS,CHILON,17.109691213740753,-92.03514188
CHIAPAS,CINTALAPA,16.712840225749275,-93.86750334
CHIAPAS,COAPILLA,17.120574896119045,-93.12607842
CHIAPAS,COMITAN DE DOMINGUEZ,16.296883585854705,-92.17897405
CHIAPAS,COPAINALA,17.094844001460668,-93.25216122
CHIAPAS,EL BOSQUE,17.031748222280576,-92.74129237
CHIAPAS,EL PORVENIR,15.432546422161085,-92.26392556
CHIAPAS,ESCUINTLA,15.364432465852401,-92.55816843
CHIAPAS,FRANCISCO LEON,17.294073618876272,-93.27618676
CHIAPAS,FRONTERA COMALAPA,15.762781950363557,-92.08801059
CHIAPAS,FRONTERA HIDALGO,14.74999130186038,-92.21329522
CHIAPAS,HUEHUETAN,15.009403991440788,-92.42377328
CHIAPAS,HUITIUPAN,17.24316727353262,-92.69492697
CHIAPAS,HUIXTAN,16.69427742447863,-92.39963387
CHIAPAS,HUIXTLA,15.097021517129685,-92.5468036
CHIAPAS,IXHUATAN,17.298532477051733,-92.9786292
CHIAPAS,IXTACOMITAN,17.421397806246134,-93.09902283
CHIAPAS,IXTAPA,16.817950716997125,-92.89699515
CHIAPAS,IXTAPANGAJOYA,17.466872747271164,-92.97559131
CHIAPAS,JIQUIPILAS,16.52273562152097,-93.67207618
CHIAPAS,JITOTOL,17.089618438828243,-92.87441598
CHIAPAS,JUAREZ,17.69944720755035,-93.19333536
CHIAPAS,LA CONCORDIA,15.960894947949269,-92.77124304
CHIAPAS,LA GRANDEZA,15.512996713433077,-92.21840122
CHIAPAS,LA INDEPENDENCIA,16.20470223701343,-91.79579477
CHIAPAS,LA LIBERTAD,17.606636195786077,-91.75107452
CHIAPAS,LA TRINITARIA,16.024530243005696,-91.89940097
CHIAPAS,LARRAINZAR,16.924383688843395,-92.77667746
CHIAPAS,LAS MARGARITAS,16.38560262808329,-91.74028293
CHIAPAS,LAS ROSAS,16.365307564613666,-92.36472683
CHIAPAS,MAPASTEPEC,15.461088453624921,-92.89143527
CHIAPAS,MARAVILLA TENEJAPA,16.19919393247481,-91.24859491
CHIAPAS,MARQUES DE COMILLAS,16.24640052903954,-90.74337443
CHIAPAS,MAZAPA DE MADERO,15.373156708582316,-92.18589922
CHIAPAS,MAZATAN,14.880470412842953,-92.49717558
CHIAPAS,METAPA,14.821640476671384,-92.20165095
CHIAPAS,MITONTIC,16.874810125204142,-92.56310089
CHIAPAS,MONTECRISTO DE GUERRERO,15.671677651159307,-92.66439043
CHIAPAS,MOTOZINTLA,15.313827310108945,-92.33146735
CHIAPAS,NICOLAS RUIZ,16.43820042187202,-92.61005045
CHIAPAS,OCOSINGO,16.701908628334525,-91.33802172
CHIAPAS,OCOTEPEC,17.22079739557842,-93.17387627
CHIAPAS,OCOZOCOAUTLA DE ESPINOSA,16.81978444520706,-93.48678315
CHIAPAS,OSTUACAN,17.43273463733008,-93.39984728
CHIAPAS,OSUMACINTA,16.895233297891252,-93.08380363
CHIAPAS,OXCHUC,16.780997981241608,-92.27478653
CHIAPAS,PALENQUE,17.44411632162043,-91.81272761
CHIAPAS,PANTELHO,17.06010347865386,-92.4640654
CHIAPAS,PANTEPEC,17.18918598485879,-93.05690018
CHIAPAS,PICHUCALCO,17.530349277935407,-93.19861459
CHIAPAS,PIJIJIAPAN,15.670051879783632,-93.19172999
CHIAPAS,PUEBLO NUEVO SOLISTAHUACAN,17.217828546625963,-92.88120992
CHIAPAS,RAYON,17.192220473807037,-92.99657552
CHIAPAS,REFORMA,17.864223425771065,-93.22938063
CHIAPAS,SABANILLA,17.319825697573542,-92.61076221
CHIAPAS,SALTO DE AGUA,17.43761900282362,-92.18714149
CHIAPAS,SAN ANDRES DURAZNAL,17.154014450881935,-92.80308985
CHIAPAS,SAN CRISTOBAL DE LAS CASAS,16.678297105627433,-92.58994606
CHIAPAS,SAN FERNANDO,16.912612120789056,-93.20937355
CHIAPAS,SAN JUAN CANCUC,16.930159947130242,-92.39166786
CHIAPAS,SAN LUCAS,16.622470270722545,-92.72378131
CHIAPAS,SANTIAGO EL PINAR,16.94936397022491,-92.72154872
CHIAPAS,SILTEPEC,15.547320028325014,-92.45622296
CHIAPAS,SIMOJOVEL,17.138922908623115,-92.62501505
CHIAPAS,SITALA,17.037265979566364,-92.34828953
CHIAPAS,SOCOLTENANGO,16.106427587752414,-92.37594578
CHIAPAS,SOLOSUCHIAPA,17.386992338324742,-93.00479064
CHIAPAS,SOYALO,16.92596894280469,-92.98867457
CHIAPAS,SUCHIAPA,16.585545567780898,-93.13633225
CHIAPAS,SUCHIATE,14.639646019431213,-92.22709286
CHIAPAS,SUNUAPA,17.488856410311662,-93.25158759
CHIAPAS,TAPACHULA,14.934362987942592,-92.30466347
CHIAPAS,TAPALAPA,17.22011355006483,-93.11231445
CHIAPAS,TAPILULA,17.250969064058086,-92.9972769
CHIAPAS,TECPATAN,17.193553864898423,-93.53995051
CHIAPAS,TENEJAPA,16.833188473560607,-92.4720058
CHIAPAS,TEOPISCA,16.561102933092414,-92.50881225
CHIAPAS,TILA,17.379189289177916,-92.48582821
CHIAPAS,TONALA,15.990787839833802,-93.65380696
CHIAPAS,TOTOLAPA,16.51515533340335,-92.65996329
CHIAPAS,TUMBALA,17.30078978336643,-92.26962531
CHIAPAS,TUXTLA CHICO,14.894027972599678,-92.19879903
CHIAPAS,TUXTLA GUTIERREZ,16.73944664445828,-93.13728535
CHIAPAS,TUZANTAN,15.140441356836643,-92.41156439
CHIAPAS,TZIMOL,16.12408314439036,-92.24643996
CHIAPAS,UNION JUAREZ,15.059723313344659,-92.10426344
CHIAPAS,VENUSTIANO CARRANZA,16.317312604117973,-92.60789676
CHIAPAS,VILLA COMALTITLAN,15.165422486253751,-92.61956647
CHIAPAS,VILLA CORZO,16.112152136152748,-93.19760677
CHIAPAS,VILLAFLORES,16.346143650362738,-93.37518816
CHIAPAS,YAJALON,17.18555924220727,-92.32584885
CHIAPAS,ZINACANTAN,16.721915888684414,-92.78198098
CHIHUAHUA,AHUMADA,30.449236899024413,-106.3806921
CHIHUAHUA,ALDAMA,29.073286230437102,-105.588569
CHIHUAHUA,ALLENDE,27.094948431877388,-105.3054928
CHIHUAHUA,AQUILES SERDAN,28.582232574712847,-105.823459
CHIHUAHUA,ASCENSION,31.331937952937267,-107.519811
CHIHUAHUA,BACHINIVA,28.857996676438034,-107.2916428
CHIHUAHUA,BALLEZA,26.753062440801894,-106.5429423
CHIHUAHUA,BATOPILAS,26.94545011573428,-107.6932965
CHIHUAHUA,BOCOYNA,27.807839905382767,-107.5801171
CHIHUAHUA,BUENAVENTURA,30.058138773681303,-107.1214006
CHIHUAHUA,CAMARGO,28.033697670893854,-104.4236563
CHIHUAHUA,CARICHI,27.81014580585269,-107.0632506
CHIHUAHUA,CASAS GRANDES,30.193919428400495,-108.2022934
CHIHUAHUA,CHIHUAHUA,29.000537823451346,-106.2325169
CHIHUAHUA,CHINIPAS,27.45595635338196,-108.516366
CHIHUAHUA,CORONADO,26.633939488499248,-105.0699625
CHIHUAHUA,COYAME DEL SOTOL,29.757038774409338,-105.2077835
CHIHUAHUA,CUAUHTEMOC,28.723469766225737,-106.9486937
CHIHUAHUA,CUSIHUIRIACHI,28.211634189004897,-106.8969304
CHIHUAHUA,DELICIAS,28.119491561674213,-105.4918591
CHIHUAHUA,DR. BELISARIO DOMINGUEZ,27.999971965109065,-106.4611469
CHIHUAHUA,EL TULE,27.04510196261652,-106.2974379
CHIHUAHUA,GALEANA,30.160748910729275,-107.6446404
CHIHUAHUA,GOMEZ FARIAS,29.336563233733468,-107.7373156
CHIHUAHUA,GRAN MORELOS,28.29878504659913,-106.5694225
CHIHUAHUA,GUACHOCHI,27.15044173850424,-107.2477649
CHIHUAHUA,GUADALUPE,30.827274233697224,-105.6406321
CHIHUAHUA,GUADALUPE Y CALVO,26.167980314420195,-107.0339368
CHIHUAHUA,GUAZAPARES,27.390951416745057,-108.2740565
CHIHUAHUA,GUERRERO,28.38509767504012,-107.5580535
CHIHUAHUA,HIDALGO DEL PARRAL,27.129043412338987,-105.6970367
CHIHUAHUA,HUEJOTITAN,27.069318301859415,-106.0679377
CHIHUAHUA,IGNACIO ZARAGOZA,29.722093360921885,-107.7235407
CHIHUAHUA,JANOS,30.849352673193557,-108.4502245
CHIHUAHUA,JIMENEZ,27.082108642498802,-104.3907025
CHIHUAHUA,JUAREZ,31.44960740588502,-106.5641896
CHIHUAHUA,JULIMES,28.541010741159507,-105.0545047
CHIHUAHUA,LA CRUZ,27.89765303456534,-105.0448645
CHIHUAHUA,LOPEZ,26.92622135536498,-105.0109759
CHIHUAHUA,MADERA,29.326933307868376,-108.3293237
CHIHUAHUA,MAGUARICHI,27.836303315148847,-107.9732952
CHIHUAHUA,MANUEL BENAVIDES,28.928813973690254,-103.8247469
CHIHUAHUA,MATACHI,28.824100549453654,-107.7206325
CHIHUAHUA,MATAMOROS,26.725057388453255,-105.5229179
CHIHUAHUA,MEOQUI,28.350623587988085,-105.5014636
CHIHUAHUA,MORELOS,26.571534834738074,-107.7281308
CHIHUAHUA,MORIS,28.15274708419099,-108.7372541
CHIHUAHUA,NAMIQUIPA,29.295260087323886,-107.1403845
CHIHUAHUA,NONOAVA,27.42458466641735,-106.6842544
CHIHUAHUA,NUEVO CASAS GRANDES,30.532849103886292,-107.7290615
CHIHUAHUA,OCAMPO,28.153630430056797,-108.204804
CHIHUAHUA,OJINAGA,29.363593862393124,-104.5253744
CHIHUAHUA,PRAXEDIS G. GUERRERO,31.238090406976593,-105.9259431
CHIHUAHUA,RIVA PALACIO,28.806295042711888,-106.6170454
CHIHUAHUA,ROSALES,28.20504901234664,-105.7478247
CHIHUAHUA,ROSARIO,27.268898561727717,-106.3146864
CHIHUAHUA,SAN FRANCISCO DE BORJA,27.892498828795233,-106.7351865
CHIHUAHUA,SAN FRANCISCO DE CONCHOS,27.582127660204034,-105.3622558
CHIHUAHUA,SAN FRANCISCO DEL ORO,26.885251714034318,-105.9462383
CHIHUAHUA,SANTA BARBARA,26.803922713102203,-105.7829219
CHIHUAHUA,SANTA ISABEL,28.321201038433106,-106.3495511
CHIHUAHUA,SATEVO,27.778617649006044,-106.1930861
CHIHUAHUA,SAUCILLO,28.001089372030528,-105.3430296
CHIHUAHUA,TEMOSACHIC,28.714774626670835,-108.0848278
CHIHUAHUA,URIQUE,27.226301002268986,-107.9764116
CHIHUAHUA,URUACHI,27.86164045189752,-108.506556
CHIHUAHUA,VALLE DE ZARAGOZA,27.487054440653967,-105.8083277
COAHUILA,ABASOLO,27.122394684348556,-101.2457824
COAHUILA,ACUNA,29.432461843977602,-102.0101513
COAHUILA,ALLENDE,28.278348278230443,-100.9160028
COAHUILA,ARTEAGA,25.341357697701802,-100.6423697
COAHUILA,CANDELA,26.852452771167744,-100.7992504
COAHUILA,CASTANOS,26.58623872670205,-101.3869252
COAHUILA,CUATRO CIENEGAS,26.699103866571892,-102.2989827
COAHUILA,ESCOBEDO,27.306065236061425,-101.2795895
COAHUILA,FRANCISCO I. MADERO,26.32014576084485,-103.1808574
COAHUILA,FRONTERA,26.94769797681855,-101.5282733
COAHUILA,GENERAL CEPEDA,25.52169098921276,-101.5510398
COAHUILA,GUERRERO,28.097368883349883,-100.393821
COAHUILA,HIDALGO,27.83926830244725,-100.0505712
COAHUILA,JIMENEZ,29.00267890090968,-100.9512955
COAHUILA,JUAREZ,27.656546296610358,-100.6933784
COAHUILA,LAMADRID,27.150547231696684,-101.9137193
COAHUILA,MATAMOROS,25.559824852613954,-103.2150637
COAHUILA,MONCLOVA,26.896856834988423,-101.1943944
COAHUILA,MORELOS,28.327747391006497,-101.0833511
COAHUILA,MUZQUIZ,28.40301800952081,-101.9004664
COAHUILA,NADADORES,27.227731357795406,-101.7654256
COAHUILA,NAVA,28.496438043191997,-100.6204894
COAHUILA,OCAMPO,27.965535971340287,-102.8928773
COAHUILA,PARRAS,25.503871632364742,-102.1146678
COAHUILA,PIEDRAS NEGRAS,28.779828550328567,-100.6144999
COAHUILA,PROGRESO,27.421422405529107,-101.021482
COAHUILA,RAMOS ARIZPE,25.913747597547207,-101.2820653
COAHUILA,SABINAS,27.922871657619453,-101.1430006
COAHUILA,SACRAMENTO,26.93983256838104,-101.7564941
COAHUILA,SALTILLO,25.029147592961948,-101.1251087
COAHUILA,SAN BUENAVENTURA,27.840129348746782,-101.9688792
COAHUILA,SAN JUAN DE SABINAS,28.06395607947367,-101.3897589
COAHUILA,SAN PEDRO,26.084042246004714,-102.7179972
COAHUILA,SIERRA MOJADA,27.481767672297984,-103.6101086
COAHUILA,TORREON,25.17007520618132,-103.2489193
COAHUILA,VIESCA,25.221868957128045,-102.9249683
COAHUILA,VILLA UNION,28.097392695660346,-100.7803082
COAHUILA,ZARAGOZA,28.81197417435925,-101.3950114
COLIMA,ARMERIA,19.009394320809992,-103.9984885
COLIMA,COLIMA,19.116098908296376,-103.6326692
COLIMA,COMALA,19.393442984035595,-103.7699941
COLIMA,COQUIMATLAN,19.188129229288847,-103.9207526
COLIMA,CUAUHTEMOC,19.326843762705106,-103.5954986
COLIMA,IXTLAHUACAN,18.967614795149043,-103.6813453
COLIMA,MANZANILLO,19.149478104959144,-104.2958187
COLIMA,MINATITLAN,19.37208651606652,-104.031057
COLIMA,TECOMAN,18.86729569120973,-104.9272222
COLIMA,VILLA DE ALVAREZ,19.30960356804744,-103.8444332
DISTRITO FEDERAL,ALVARO OBREGON,19.336175568341655,-99.24681971
DISTRITO FEDERAL,AZCAPOTZALCO,19.48532861069876,-99.18210694
DISTRITO FEDERAL,BENITO JUAREZ,19.380642346073124,-99.16113464
DISTRITO FEDERAL,COYOACAN,19.326667206205787,-99.15037635
DISTRITO FEDERAL,CUAJIMALPA DE MORELOS,19.32463430322924,-99.31072852
DISTRITO FEDERAL,CUAUHTEMOC,19.43137342813883,-99.14905576
DISTRITO FEDERAL,GUSTAVO A. MADERO,19.50406520741793,-99.11586421
DISTRITO FEDERAL,IZTACALCO,19.39691189703413,-99.0943298
DISTRITO FEDERAL,IZTAPALAPA,19.349163263332652,-99.05679866
DISTRITO FEDERAL,LA MAGDALENA CONTRERAS,19.268976506506167,-99.26841289
DISTRITO FEDERAL,MIGUEL HIDALGO,19.42806237186918,-99.20456691
DISTRITO FEDERAL,MILPA ALTA,19.139456598829476,-99.05109542
DISTRITO FEDERAL,TLAHUAC,19.27699477165398,-99.0028163
DISTRITO FEDERAL,TLALPAN,19.198339665009357,-99.20622079
DISTRITO FEDERAL,VENUSTIANO CARRANZA,19.43049545450385,-99.0931058
DISTRITO FEDERAL,XOCHIMILCO,19.245145044125625,-99.0903636
DURANGO,CANATLAN,24.51111583400177,-104.9358862
DURANGO,CANELAS,25.072722017983683,-106.451108
DURANGO,CONETO DE COMONFORT,25.03397567309284,-104.7837417
DURANGO,CUENCAME,24.694805577556625,-103.7002874
DURANGO,DURANGO,23.970482545536775,-104.8437012
DURANGO,EL ORO,25.549024145376247,-105.2158506
DURANGO,GENERAL SIMON BOLIVAR,24.761513160569056,-103.2120786
DURANGO,GOMEZ PALACIO,25.72797731966589,-103.4906318
DURANGO,GUADALUPE VICTORIA,24.41267444004905,-104.0732779
DURANGO,GUANACEVI,25.996315729534118,-106.0672243
DURANGO,HIDALGO,26.090338384878635,-104.8170837
DURANGO,INDE,25.72622630427773,-104.9955371
DURANGO,LERDO,25.477645298865614,-103.6858344
DURANGO,MAPIMI,26.14599850839071,-104.1313285
DURANGO,MEZQUITAL,23.002113895921063,-104.5506881
DURANGO,NAZAS,25.247098329485244,-104.0776859
DURANGO,NOMBRE DE DIOS,23.813860249703442,-104.2111147
DURANGO,NUEVO IDEAL,24.84669493245833,-105.0380312
DURANGO,OCAMPO,26.48187294201295,-105.6766932
DURANGO,OTAEZ,24.70144900225118,-105.9364287
DURANGO,PANUCO DE CORONADO,24.49485755298145,-104.3540418
DURANGO,PENON BLANCO,24.785987055595715,-104.0823245
DURANGO,POANAS,24.003555172219002,-104.0219477
DURANGO,PUEBLO NUEVO,23.411441355508444,-105.3142658
DURANGO,RODEO,25.19530367788949,-104.5616237
DURANGO,SAN BERNARDO,26.18411493577689,-105.6724474
DURANGO,SAN DIMAS,24.228486928296498,-105.7422846
DURANGO,SAN JUAN DE GUADALUPE,24.647526128521395,-102.7180363
DURANGO,SAN JUAN DEL RIO,24.807353373345443,-104.4704012
DURANGO,SAN LUIS DEL CORDERO,25.37610245407476,-104.3064859
DURANGO,SAN PEDRO DEL GALLO,25.62189903288556,-104.3982451
DURANGO,SANTA CLARA,24.49776047152405,-103.4137784
DURANGO,SANTIAGO PAPASQUIARO,24.984156967991712,-105.6904219
DURANGO,SUCHIL,23.43688304234085,-104.149631
DURANGO,TAMAZULA,24.946757084921355,-106.7119943
DURANGO,TEPEHUANES,25.450244165437258,-106.0616254
DURANGO,TLAHUALILO,26.344963933531456,-103.6254838
DURANGO,TOPIA,25.256762653574686,-106.5897443
DURANGO,VICENTE GUERRERO,23.733339983669737,-103.9510545
GUANAJUATO,ABASOLO,20.533230962155873,-101.536012
GUANAJUATO,ACAMBARO,20.052466885259065,-100.7519671
GUANAJUATO,APASEO EL ALTO,20.421841364888643,-100.5735201
GUANAJUATO,APASEO EL GRANDE,20.575511867914564,-100.6217358
GUANAJUATO,ATARJEA,21.265199376936284,-99.80444429
GUANAJUATO,CELAYA,20.53756559829917,-100.787865
GUANAJUATO,COMONFORT,20.74127251654922,-100.7911227
GUANAJUATO,CORONEO,20.217000767199515,-100.3835979
GUANAJUATO,CORTAZAR,20.429113634119556,-100.9383703
GUANAJUATO,CUERAMARO,20.615226231101083,-101.6680096
GUANAJUATO,DOCTOR MORA,21.141603603696343,-100.3596342
GUANAJUATO,DOLORES HIDALGO CUNA DE LA INDEPENDENCIA NACIONAL,21.14701686286567,-100.9347773
GUANAJUATO,GUANAJUATO,21.018454309645822,-101.2373289
GUANAJUATO,HUANIMARO,20.367365448415292,-101.499004
GUANAJUATO,IRAPUATO,20.699813497049306,-101.3683208
GUANAJUATO,JARAL DEL PROGRESO,20.358797092457948,-101.0520887
GUANAJUATO,JERECUARO,20.197108330480944,-100.5078824
GUANAJUATO,LEON,21.124749249043273,-101.6224026
GUANAJUATO,MANUEL DOBLADO,20.712947333381035,-101.879784
GUANAJUATO,MOROLEON,20.084315617011395,-101.2446893
GUANAJUATO,OCAMPO,21.579570460334285,-101.4729969
GUANAJUATO,PENJAMO,20.40161796678136,-101.8158452
GUANAJUATO,PUEBLO NUEVO,20.54992749259758,-101.3612588
GUANAJUATO,PURISIMA DEL RINCON,20.92751567,-101.9285631
GUANAJUATO,ROMITA,20.825789700812937,-101.5951285
GUANAJUATO,SALAMANCA,20.625110122692927,-101.1650961
GUANAJUATO,SALVATIERRA,20.207561513295673,-100.915131
GUANAJUATO,SAN DIEGO DE LA UNION,21.442165898783145,-100.8464137
GUANAJUATO,SAN FELIPE,21.50320012535631,-101.2336989
GUANAJUATO,SAN FRANCISCO DEL RINCON,20.91912408131245,-101.7885196
GUANAJUATO,SAN JOSE ITURBIDE,21.002321784665874,-100.3885917
GUANAJUATO,SAN LUIS DE LA PAZ,21.39936839251423,-100.4762496
GUANAJUATO,SAN MIGUEL DE ALLENDE,20.9252506,-100.7377275
GUANAJUATO,SANTA CATARINA,21.15067775825599,-100.0719018
GUANAJUATO,SANTA CRUZ DE JUVENTINO ROSAS,20.674104395714224,-100.9940839
GUANAJUATO,SANTIAGO MARAVATIO,20.15823336484746,-100.9903644
GUANAJUATO,SILAO DE LA VICTORIA,20.96311540184965,-101.4377836
GUANAJUATO,TARANDACUAO,20.004479582504565,-100.5289057
GUANAJUATO,TARIMORO,20.296735929111136,-100.7414966
GUANAJUATO,TIERRA BLANCA,21.03229119273123,-100.1560062
GUANAJUATO,URIANGATO,20.11969239,-101.152616
GUANAJUATO,VALLE DE SANTIAGO,20.37832822646915,-101.2705609
GUANAJUATO,VICTORIA,21.36595726379446,-100.21461
GUANAJUATO,VILLAGRAN,20.5419619,-100.9925124
GUANAJUATO,XICHU,21.35675965599209,-99.9785213
GUANAJUATO,YURIRIA,20.18315101,-101.2255261
GUERRERO,ACAPULCO DE JUAREZ,16.95712803,-99.71417515
GUERRERO,ACATEPEC,17.17481643,-98.9760335
GUERRERO,AHUACUOTZINGO,17.752273331302256,-98.95137274
GUERRERO,AJUCHITLAN DEL PROGRESO,17.919015425571352,-100.6077339
GUERRERO,ALCOZAUCA DE GUERRERO,17.375899072484756,-98.36610731
GUERRERO,ALPOYECA,17.642235317112906,-98.51056918
GUERRERO,APAXTLA,18.09123112732249,-99.98089741
GUERRERO,ARCELIA,18.252618969618133,-100.1987864
GUERRERO,ATENANGO DEL RIO,18.14437534730802,-99.06995865
GUERRERO,ATLAMAJALCINGO DEL MONTE,17.270239057035525,-98.582686
GUERRERO,ATLIXTAC,17.514337446393306,-98.90304507
GUERRERO,ATOYAC DE ALVAREZ,17.33282223747496,-100.3420678
GUERRERO,AYUTLA DE LOS LIBRES,16.95727114036663,-99.06753636
GUERRERO,AZOYU,16.683592684050026,-98.57250665
GUERRERO,BENITO JUAREZ,17.09654273451765,-100.4271185
GUERRERO,BUENAVISTA DE CUELLAR,18.461569856775593,-99.42073336
GUERRERO,CHILAPA DE ALVAREZ,17.52369125,-99.11235956
GUERRERO,CHILPANCINGO DE LOS BRAVO,17.390833526846613,-99.69744739
GUERRERO,COAHUAYUTLA DE JOSE MARIA IZAZAGA,18.283026214922927,-101.6494419
GUERRERO,COCHOAPA EL GRANDE,17.10057443181128,-98.42387038
GUERRERO,COCULA,18.13229580822246,-99.71366374
GUERRERO,COPALA,16.608110802019908,-98.93097482
GUERRERO,COPALILLO,17.98214298,-99.05204248
GUERRERO,COPANATOYAC,17.432621969608856,-98.70190023
GUERRERO,COYUCA DE BENITEZ,17.142552632971142,-100.058966
GUERRERO,COYUCA DE CATALAN,18.08179439323508,-100.9299064
GUERRERO,CUAJINICUILAPA,16.461677489518646,-98.51770017
GUERRERO,CUALAC,17.738291378022943,-98.6712625
GUERRERO,CUAUTEPEC,16.718542002980538,-98.96370866
GUERRERO,CUETZALA DEL PROGRESO,18.124763993423038,-99.81470134
GUERRERO,CUTZAMALA DE PINZON,18.65981495471185,-100.6179165
GUERRERO,EDUARDO NERI,17.801491711023047,-99.60977484
GUERRERO,FLORENCIO VILLARREAL,16.702975717851437,-99.13992252
GUERRERO,GENERAL CANUTO A. NERI,18.441126057769093,-100.1041749
GUERRERO,GENERAL HELIODORO CASTILLO,17.733801191617516,-100.0269355
GUERRERO,HUAMUXTITLAN,17.81216329499449,-98.54709158
GUERRERO,HUITZUCO DE LOS FIGUEROA,18.229773734649726,-99.25342176
GUERRERO,IGUALA DE LA INDEPENDENCIA,18.226807586909782,-99.58211984
GUERRERO,IGUALAPA,16.80157310422415,-98.49329607
GUERRERO,ILIATENCO,17.04710314195837,-98.63787709
GUERRERO,IXCATEOPAN DE CUAUHTEMOC,18.46344983606465,-99.76559193
GUERRERO,JOSE JOAQUIN DE HERRERA,17.44263449295985,-98.99594006
GUERRERO,JUAN R. ESCUDERO,17.142133112241183,-99.47292507
GUERRERO,JUCHITAN,16.593944771980155,-98.67750068
GUERRERO,LA UNION DE ISIDORO MONTES DE OC,18.016818792529406,-101.8547624
GUERRERO,LEONARDO BRAVO,17.63193552337277,-99.79579387
GUERRERO,MALINALTEPEC,17.146059059428683,-98.70461015
GUERRERO,MARQUELIA,16.63926506294106,-98.74502702
GUERRERO,MARTIR DE CUILAPAN,17.832499182191036,-99.35757155
GUERRERO,METLATONOC,17.134026192699864,-98.43974509
GUERRERO,MOCHITLAN,17.336841382963787,-99.37059791
GUERRERO,OLINALA,17.896560602730137,-98.78389343
GUERRERO,OMETEPEC,16.661423752450204,-98.35318426
GUERRERO,PEDRO ASCENCIO ALQUISIRAS,18.54466422211763,-99.86921918
GUERRERO,PETATLAN,17.620317463003847,-101.1597619
GUERRERO,PILCAYA,18.704232334180713,-99.60783004
GUERRERO,PUNGARABATO,18.345624428528883,-100.6114725
GUERRERO,QUECHULTENANGO,17.312822851427562,-99.18521692
GUERRERO,SAN LUIS ACATLAN,16.87635772314781,-98.7510769
GUERRERO,SAN MARCOS,16.808876382890656,-99.40869516
GUERRERO,SAN MIGUEL TOTOLAPAN,17.839810163410313,-100.3182452
GUERRERO,TAXCO DE ALARCON,18.520040783776555,-99.59744023
GUERRERO,TECOANAPA,16.98045465290354,-99.29488665
GUERRERO,TECPAN DE GALEANA,17.405947105217482,-100.7443604
GUERRERO,TELOLOAPAN,18.358261584782685,-99.91407478
GUERRERO,TEPECOACUILCO DE TRUJANO,18.100998803629253,-99.46939369
GUERRERO,TETIPAC,18.64884153002966,-99.67176063
GUERRERO,TIXTLA DE GUERRERO,17.599350090003757,-99.36746755
GUERRERO,TLACOACHISTLAHUACA,16.939061232737924,-98.27712722
GUERRERO,TLACOAPA,17.230014278968092,-98.7861513
GUERRERO,TLALCHAPA,18.42802213399255,-100.4350264
GUERRERO,TLALIXTAQUILLA DE MALDONADO,17.571651999853493,-98.40919507
GUERRERO,TLAPA DE COMONFORT,17.56217381117087,-98.61554475
GUERRERO,TLAPEHUALA,18.28028522755908,-100.4533307
GUERRERO,XALPATLAHUAC,17.429809432148023,-98.54148877
GUERRERO,XOCHIHUEHUETLAN,17.904510226949633,-98.50929792
GUERRERO,XOCHISTLAHUACA,16.869426917646575,-98.15726884
GUERRERO,ZAPOTITLAN TABLAS,17.324545885742506,-98.82952308
GUERRERO,ZIHUATANEJO DE AZUETA,17.820264550951904,-101.4339971
GUERRERO,ZIRANDARO,18.344926814943552,-101.2182267
GUERRERO,ZITLALA,17.749584403129248,-99.18510854
HIDALGO,ACATLAN,20.206423569956304,-98.44034804
HIDALGO,ACAXOCHITLAN,20.159849468462124,-98.19840394
HIDALGO,ACTOPAN,20.31454677810189,-98.88969143
HIDALGO,AGUA BLANCA DE ITURBIDE,20.361566584382064,-98.36937564
HIDALGO,AJACUBA,20.119826451691576,-99.07802825
HIDALGO,ALFAJAYUCAN,20.407093580255935,-99.40540381
HIDALGO,ALMOLOYA,19.741622263322874,-98.32707468
HIDALGO,APAN,19.722904629258615,-98.4470011
HIDALGO,ATITALAQUIA,20.054745634263547,-99.22137492
HIDALGO,ATLAPEXCO,21.027310122223682,-98.36355276
HIDALGO,ATOTONILCO DE TULA,19.973445479110044,-99.23137642
HIDALGO,ATOTONILCO EL GRANDE,20.354839870426098,-98.67648799
HIDALGO,CALNALI,20.90605588692428,-98.54849083
HIDALGO,CARDONAL,20.599168670139388,-99.06019561
HIDALGO,CHAPANTONGO,20.263685813407832,-99.47164753
HIDALGO,CHAPULHUACAN,21.1284377,-98.94967145
HIDALGO,CHILCUAUTLA,20.32431945876882,-99.25513105
HIDALGO,CUAUTEPEC DE HINOJOSA,19.98430843539718,-98.28166824
HIDALGO,EL ARENAL,20.217146145815597,-98.88257553
HIDALGO,ELOXOCHITLAN,20.741408534909123,-98.88033469
HIDALGO,EMILIANO ZAPATA,19.65929692025616,-98.60027246
HIDALGO,EPAZOYUCAN,20.031586562548295,-98.64348364
HIDALGO,FRANCISCO I. MADERO,20.235279250284556,-99.08028489
HIDALGO,HUASCA DE OCAMPO,20.225907049979597,-98.54312562
HIDALGO,HUAUTLA,21.03825624283068,-98.24714397
HIDALGO,HUAZALINGO,20.99749553602142,-98.48913491
HIDALGO,HUEHUETLA,20.514074312431585,-98.06419257
HIDALGO,HUEJUTLA DE REYES,21.12723509474482,-98.45171616
HIDALGO,HUICHAPAN,20.38381713015237,-99.68073421
HIDALGO,IXMIQUILPAN,20.532515073777233,-99.20132324
HIDALGO,JACALA DE LEDEZMA,20.96995759019329,-99.14721861
HIDALGO,JALTOCAN,21.148478840032194,-98.52757247
HIDALGO,JUAREZ HIDALGO,20.83158127921986,-98.83574779
HIDALGO,LA MISION,21.070962949422196,-99.07051198
HIDALGO,LOLOTLA,20.962154205609455,-98.72330956
HIDALGO,METEPEC,20.25781407269159,-98.34292258
HIDALGO,METZTITLAN,20.56544656,-98.80965292
HIDALGO,MINERAL DE LA REFORMA,20.058990573147994,-98.71970367
HIDALGO,MINERAL DEL CHICO,20.223041824725914,-98.75356021
HIDALGO,MINERAL DEL MONTE,20.140355415180196,-98.65883191
HIDALGO,MIXQUIAHUALA DE JUAREZ,20.22385341838104,-99.18072623
HIDALGO,MOLANGO DE ESCAMILLA,20.864388439693478,-98.77641599
HIDALGO,NICOLAS FLORES,20.78647346670359,-99.17541269
HIDALGO,NOPALA DE VILLAGRAN,20.23298851,-99.67268404
HIDALGO,OMITLAN DE JUAREZ,20.173745535766923,-98.62196473
HIDALGO,PACHUCA DE SOTO,20.10208401410666,-98.78223052
HIDALGO,PACULA,20.99976316,-99.31541272
HIDALGO,PISAFLORES,21.234488153604584,-98.98883303
HIDALGO,PROGRESO DE OBREGON,20.314332926199793,-99.17815488
HIDALGO,SAN AGUSTIN METZQUITITLAN,20.523793283920437,-98.60528533
HIDALGO,SAN AGUSTIN TLAXIACA,20.095574771918443,-98.94003558
HIDALGO,SAN BARTOLO TUTOTEPEC,20.468449565383757,-98.19131503
HIDALGO,SAN FELIPE ORIZATLAN,21.260333966962655,-98.58167518
HIDALGO,SAN SALVADOR,20.304748701832462,-99.04786106
HIDALGO,SANTIAGO DE ANAYA,20.41237061668815,-98.98285335
HIDALGO,SANTIAGO TULANTEPEC DE LUGO GUERRERO,20.03565103291692,-98.39277665
HIDALGO,SINGUILUCAN,19.98760320691454,-98.49546086
HIDALGO,TASQUILLO,20.542339726213896,-99.37583088
HIDALGO,TECOZAUTLA,20.539263267118496,-99.63243188
HIDALGO,TENANGO DE DORIA,20.343358141892857,-98.21083288
HIDALGO,TEPEAPULCO,19.81553972960977,-98.49478529
HIDALGO,TEPEHUACAN DE GUERRERO,21.061430307687758,-98.83294325
HIDALGO,TEPEJI DEL RIO DE OCAMPO,19.902666812523236,-99.36350111
HIDALGO,TEPETITLAN,20.194220385252258,-99.39870444
HIDALGO,TETEPANGO,20.114406996318962,-99.15182643
HIDALGO,TEZONTEPEC DE ALDAMA,20.178866403583413,-99.29328066
HIDALGO,TIANGUISTENGO,20.780682019506838,-98.539138
HIDALGO,TIZAYUCA,19.85252668132261,-98.96118415
HIDALGO,TLAHUELILPAN,20.134366855311264,-99.20854992
HIDALGO,TLAHUILTEPA,20.86659296127492,-98.97238929
HIDALGO,TLANALAPA,19.83519920832935,-98.58693202
HIDALGO,TLANCHINOL,21.031834887710257,-98.64818253
HIDALGO,TLAXCOAPAN,20.097122408960836,-99.23704929
HIDALGO,TOLCAYUCA,19.95439320669867,-98.92653131
HIDALGO,TULA DE ALLENDE,20.064129232681346,-99.3767425
HIDALGO,TULANCINGO DE BRAVO,20.123601210822045,-98.35093969
HIDALGO,VILLA DE TEZONTEPEC,19.91282247097795,-98.80336447
HIDALGO,XOCHIATIPAN,20.857857117772927,-98.28808964
HIDALGO,XOCHICOATLAN,20.791433524389312,-98.64125905
HIDALGO,YAHUALICA,20.916249869293686,-98.38351714
HIDALGO,ZACUALTIPAN DE ANGELES,20.650747384186253,-98.58672605
HIDALGO,ZAPOTLAN DE JUAREZ,19.989408290078064,-98.85891625
HIDALGO,ZEMPOALA,19.923130399439195,-98.6723341
HIDALGO,ZIMAPAN,20.752878839864316,-99.36572672
JALISCO,ACATIC,20.770052699412865,-102.9091588
JALISCO,ACATLAN DE JUAREZ,20.428493512350773,-103.6088457
JALISCO,AHUALULCO DE MERCADO,20.711466499291063,-103.9353619
JALISCO,AMACUECA,19.999946456892676,-103.6225835
JALISCO,AMATITAN,20.84998982452316,-103.7172519
JALISCO,AMECA,20.54166389489759,-104.0805433
JALISCO,ARANDAS,20.76646226233453,-102.3006578
JALISCO,ATEMAJAC DE BRIZUELA,20.172952416083895,-103.7316537
JALISCO,ATENGO,20.318075508955832,-104.2739249
JALISCO,ATENGUILLO,20.336734109914858,-104.5506741
JALISCO,ATOTONILCO EL ALTO,20.54756608067726,-102.5396146
JALISCO,ATOYAC,19.996439210292486,-103.4704691
JALISCO,AUTLAN DE NAVARRO,19.74346643866805,-104.3121564
JALISCO,AYOTLAN,20.48882100536233,-102.3429278
JALISCO,AYUTLA,20.050257350859233,-104.4348227
JALISCO,BOLANOS,21.874653711431364,-103.9204759
JALISCO,CABO CORRIENTES,20.342309545989632,-105.40648
JALISCO,CANADAS DE OBREGON,21.159822608107177,-102.7012285
JALISCO,CASIMIRO CASTILLO,19.602948687265048,-104.4701611
JALISCO,CHAPALA,20.259860325133527,-103.1879112
JALISCO,CHIMALTITAN,21.729919440941497,-103.6599475
JALISCO,CHIQUILISTLAN,20.082283974471267,-103.8801849
JALISCO,CIHUATLAN,19.278021887031773,-104.6145322
JALISCO,COCULA,20.39035317890791,-103.8244592
JALISCO,COLOTLAN,22.09170960787064,-103.2872011
JALISCO,CONCEPCION DE BUENOS AIRES,19.982415217678472,-103.236428
JALISCO,CUAUTITLAN DE GARCIA BARRAGAN,19.43563169,-104.311053
JALISCO,CUAUTLA,20.19299643,-104.5098565
JALISCO,CUQUIO,20.952402288217435,-103.0287168
JALISCO,DEGOLLADO,20.44789176891681,-102.1677902
JALISCO,EJUTLA,19.912415070677397,-104.0816221
JALISCO,EL ARENAL,20.754972562071554,-103.6790141
JALISCO,EL GRULLO,19.80105573564565,-104.1951248
JALISCO,EL LIMON,19.840793382619463,-104.1003184
JALISCO,EL SALTO,20.53667979469065,-103.2468042
JALISCO,ENCARNACION DE DIAZ,21.55570521770043,-102.1914798
JALISCO,ETZATLAN,20.743606862012516,-104.123768
JALISCO,GOMEZ FARIAS,19.856456661775784,-103.4171853
JALISCO,GUACHINANGO,20.678906117030863,-104.4215643
JALISCO,GUADALAJARA,20.675971044672973,-103.3358072
JALISCO,HOSTOTIPAQUILLO,21.057464327688255,-104.0754075
JALISCO,HUEJUCAR,22.318550272474848,-103.2339852
JALISCO,HUEJUQUILLA EL ALTO,22.58370014600206,-103.9162128
JALISCO,IXTLAHUACAN DE LOS MEMBRILLOS,20.39174376692057,-103.2075444
JALISCO,IXTLAHUACAN DEL RIO,20.898560917464625,-103.2278117
JALISCO,JALOSTOTITLAN,21.191666225201068,-102.4893397
JALISCO,JAMAY,20.28013081,-102.6856745
JALISCO,JESUS MARIA,20.635467743969496,-102.1198652
JALISCO,JILOTLAN DE LOS DOLORES,19.329518900807738,-102.8810925
JALISCO,JOCOTEPEC,20.31451141815967,-103.4171813
JALISCO,JUANACATLAN,20.48171970679354,-103.1352113
JALISCO,JUCHITLAN,20.054242353691432,-104.0366571
JALISCO,LA BARCA,20.36382714103773,-102.5232997
JALISCO,LA HUERTA,19.51475151727544,-104.8630641
JALISCO,LA MANZANILLA DE LA PAZ,20.021511451184395,-103.1078372
JALISCO,LAGOS DE MORENO,21.494012659800283,-101.8796566
JALISCO,MAGDALENA,20.90825220779831,-104.0307698
JALISCO,MASCOTA,20.578945884767887,-104.81406
JALISCO,MAZAMITLA,19.894239136413407,-103.072534
JALISCO,MEXTICACAN,21.263853247987818,-102.7535341
JALISCO,MEZQUITIC,22.22244116150123,-103.9944275
JALISCO,MIXTLAN,20.508912750400718,-104.452918
JALISCO,OCOTLAN,20.397441473269673,-102.7240506
JALISCO,OJUELOS DE JALISCO,21.81083020847246,-101.7151166
JALISCO,PIHUAMO,19.146550255960477,-103.3818619
JALISCO,PONCITLAN,20.27021538862263,-102.8947191
JALISCO,PUERTO VALLARTA,20.69790245,-105.1490617
JALISCO,QUITUPAN,19.804538140143883,-102.8682414
JALISCO,SAN CRISTOBAL DE LA BARRANCA,21.04787905363731,-103.5001484
JALISCO,SAN DIEGO DE ALEJANDRIA,20.97012188560354,-102.023458
JALISCO,SAN GABRIEL,19.709911379111183,-103.7389065
JALISCO,SAN IGNACIO CERRO GORDO,20.764602723773272,-102.5064025
JALISCO,SAN JUAN DE LOS LAGOS,21.269696028446123,-102.2943526
JALISCO,SAN JUANITO DE ESCOBEDO,20.80910293005088,-104.0067784
JALISCO,SAN JULIAN,20.99766134,-102.1634755
JALISCO,SAN MARCOS,20.824688879001584,-104.2320496
JALISCO,SAN MARTIN DE BOLANOS,21.595892959127564,-103.7850122
JALISCO,SAN MARTIN HIDALGO,20.449920635417268,-103.9051365
JALISCO,SAN MIGUEL EL ALTO,20.99263088517267,-102.3796186
JALISCO,SAN PEDRO TLAQUEPAQUE,20.590909762339738,-103.3489083
JALISCO,SAN SEBASTIAN DEL OESTE,20.852453009921934,-104.8261233
JALISCO,SANTA MARIA DE LOS ANGELES,22.193306891757373,-103.181281
JALISCO,SANTA MARIA DEL ORO,19.529194745900217,-102.8386562
JALISCO,SAYULA,19.861762030682428,-103.5946439
JALISCO,TALA,20.61058168058768,-103.692488
JALISCO,TALPA DE ALLENDE,20.299444055679725,-104.9534806
JALISCO,TAMAZULA DE GORDIANO,19.6874747,-103.1792876
JALISCO,TAPALPA,19.94823864923109,-103.7654714
JALISCO,TECALITLAN,19.225297796142492,-103.192531
JALISCO,TECHALUTA DE MONTENEGRO,20.092432185099103,-103.5752624
JALISCO,TECOLOTLAN,20.259223750597318,-104.0241829
JALISCO,TENAMAXTLAN,20.146888164613777,-104.1655294
JALISCO,TEOCALTICHE,21.48035762489779,-102.5544777
JALISCO,TEOCUITATLAN DE CORONA,20.108712321004138,-103.3471464
JALISCO,TEPATITLAN DE MORELOS,20.814841978912487,-102.7208416
JALISCO,TEQUILA,21.11246071727621,-103.7809619
JALISCO,TEUCHITLAN,20.67925845232608,-103.8323882
JALISCO,TIZAPAN EL ALTO,20.119622023075312,-103.0710726
JALISCO,TLAJOMULCO DE ZUNIGA,20.484186188304083,-103.425945
JALISCO,TOLIMAN,19.552889835904814,-103.9305674
JALISCO,TOMATLAN,19.979524977989332,-105.1647451
JALISCO,TONALA,20.616762416729518,-103.2139015
JALISCO,TONAYA,19.84789868304984,-103.9501799
JALISCO,TONILA,19.43210151579527,-103.5350894
JALISCO,TOTATICHE,21.95891053385749,-103.4785742
JALISCO,TOTOTLAN,20.548728065088138,-102.7487185
JALISCO,TUXCACUESCO,19.681221881105376,-104.0331604
JALISCO,TUXCUECA,20.146898012095644,-103.2420362
JALISCO,TUXPAN,19.479029815653245,-103.4572644
JALISCO,UNION DE SAN ANTONIO,21.154678020397057,-101.9971832
JALISCO,UNION DE TULA,19.992869291009324,-104.2557182
JALISCO,VALLE DE GUADALUPE,21.046515155888432,-102.6509561
JALISCO,VALLE DE JUAREZ,19.83517391406701,-102.9726177
JALISCO,VILLA CORONA,20.389645869546815,-103.7088569
JALISCO,VILLA GUERRERO,22.028780921764923,-103.6866622
JALISCO,VILLA HIDALGO,21.667715875262672,-102.5935932
JALISCO,VILLA PURIFICACION,19.807190223107426,-104.7228426
JALISCO,YAHUALICA DE GONZALEZ GALLO,21.137936465027057,-102.9336608
JALISCO,ZACOALCO DE TORRES,20.235517780768706,-103.5680598
JALISCO,ZAPOPAN,20.794895980840053,-103.4941839
JALISCO,ZAPOTILTIC,19.621605460904526,-103.3457808
JALISCO,ZAPOTITLAN DE VADILLO,19.515572810107447,-103.7583372
JALISCO,ZAPOTLAN DEL REY,20.460863744534038,-102.924974
JALISCO,ZAPOTLAN EL GRANDE,19.710773665390434,-103.5103369
JALISCO,ZAPOTLANEJO,20.636047571505035,-103.0488367
MEXICO,ACAMBAY DE RUIZ CASTANEDA,19.972941692045314,-99.87153026
MEXICO,ACOLMAN,19.633776128341204,-98.91986626
MEXICO,ACULCO,20.11567647211643,-99.83334661
MEXICO,ALMOLOYA DE ALQUISIRAS,18.832958865244944,-99.86679554
MEXICO,ALMOLOYA DE JUAREZ,19.405577814915766,-99.82945395
MEXICO,ALMOLOYA DEL RIO,19.158779794246517,-99.49187299
MEXICO,AMANALCO,19.250931481371413,-99.9883932
MEXICO,AMATEPEC,18.70299251853932,-100.2668015
MEXICO,AMECAMECA,19.124949995164243,-98.71649098
MEXICO,APAXCO,19.984508923836362,-99.14789892
MEXICO,ATENCO,19.545648581061076,-98.96157078
MEXICO,ATIZAPAN,19.175545556586123,-99.49997516
MEXICO,ATIZAPAN DE ZARAGOZA,19.564807285227484,-99.27404399
MEXICO,ATLACOMULCO,19.809957013242983,-99.84600838
MEXICO,ATLAUTLA,19.03110808645781,-98.71706467
MEXICO,AXAPUSCO,19.763057201737034,-98.72129628
MEXICO,AYAPANGO,19.124290933914338,-98.81635586
MEXICO,CALIMAYA,19.16553045365402,-99.64327541
MEXICO,CAPULHUAC,19.208702046263145,-99.45973831
MEXICO,CHALCO,19.253601421900708,-98.83169544
MEXICO,CHAPA DE MOTA,19.825755350651406,-99.55093911
MEXICO,CHAPULTEPEC,19.20650583762747,-99.55045368
MEXICO,CHIAUTLA,19.573036886262564,-98.88338494
MEXICO,CHICOLOAPAN,19.405417165869352,-98.87810758
MEXICO,CHICONCUAC,19.55627908611991,-98.89669592
MEXICO,CHIMALHUACAN,19.416235732534503,-98.94716701
MEXICO,COACALCO DE BERRIOZABAL,19.62628998,-99.1023955
MEXICO,COATEPEC HARINAS,18.946328121322697,-99.79825694
MEXICO,COCOTITLAN,19.22602952418734,-98.85889498
MEXICO,COYOTEPEC,19.78998449069212,-99.22220534
MEXICO,CUAUTITLAN,19.70823859,-99.15942399
MEXICO,CUAUTITLAN IZCALLI,19.65456702579824,-99.22518564
MEXICO,DONATO GUERRA,19.316441982594185,-100.1848436
MEXICO,ECATEPEC DE MORELOS,19.572783733662526,-99.04321174
MEXICO,ECATZINGO,18.968021959902195,-98.7366496
MEXICO,EL ORO,19.798815797886256,-100.0754905
MEXICO,HUEHUETOCA,19.822628590180646,-99.25503103
MEXICO,HUEYPOXTLA,19.95241234704616,-99.02800775
MEXICO,HUIXQUILUCAN,19.38310082347127,-99.3395276
MEXICO,ISIDRO FABELA,19.55424328139638,-99.44037608
MEXICO,IXTAPALUCA,19.34279693364108,-98.77904595
MEXICO,IXTAPAN DE LA SAL,18.850696394660783,-99.690841
MEXICO,IXTAPAN DEL ORO,19.257426383933836,-100.2778499
MEXICO,IXTLAHUACA,19.589851021352832,-99.806963
MEXICO,JALTENCO,19.73871673039172,-99.08893023
MEXICO,JILOTEPEC,20.01910288,-99.59656929
MEXICO,JILOTZINGO,19.506047209711454,-99.39043697
MEXICO,JIQUIPILCO,19.586037232847403,-99.64160352
MEXICO,JOCOTITLAN,19.717334878018463,-99.82347836
MEXICO,JOQUICINGO,19.067566992008278,-99.51448151
MEXICO,JUCHITEPEC,19.093593933762374,-98.90408244
MEXICO,LA PAZ,19.36101861692273,-98.94769857
MEXICO,LERMA,19.345074054152104,-99.47485819
MEXICO,LUVIANOS,18.940817941276002,-100.4064845
MEXICO,MALINALCO,18.881918040593888,-99.48564245
MEXICO,MELCHOR OCAMPO,19.70965013396902,-99.13354711
MEXICO,METEPEC,19.247385456924164,-99.58836606
MEXICO,MEXICALTZINGO,19.211247470039414,-99.5840224
MEXICO,MORELOS,19.743438028020005,-99.6417699
MEXICO,NAUCALPAN DE JUAREZ,19.471253145600457,-99.29260539
MEXICO,NEXTLALPAN,19.72994176432261,-99.07452439
MEXICO,NEZAHUALCOYOTL,19.422578654775773,-99.02269952
MEXICO,NICOLAS ROMERO,19.624970499442156,-99.39172793
MEXICO,NOPALTEPEC,19.812314331907988,-98.71708912
MEXICO,OCOYOACAC,19.259466230681273,-99.40664066
MEXICO,OCUILAN,19.00923409598717,-99.39641629
MEXICO,OTUMBA,19.656019506661703,-98.73839259
MEXICO,OTZOLOAPAN,19.10803005808136,-100.3189472
MEXICO,OTZOLOTEPEC,19.450635130325296,-99.52729237
MEXICO,OZUMBA,19.021887658178883,-98.80962345
MEXICO,PAPALOTLA,19.559881897006825,-98.8578597
MEXICO,POLOTITLAN,20.224077908671646,-99.8316784
MEXICO,RAYON,19.138879587777566,-99.5670751
MEXICO,SAN ANTONIO LA ISLA,19.16888246854698,-99.55128648
MEXICO,SAN FELIPE DEL PROGRESO,19.653217038567764,-99.98252335
MEXICO,SAN JOSE DEL RINCON,19.61959716486774,-100.1453305
MEXICO,SAN MARTIN DE LAS PIRAMIDES,19.7197713,-98.83219458
MEXICO,SAN MATEO ATENCO,19.265530347715515,-99.53968801
MEXICO,SAN SIMON DE GUERRERO,18.980054819298736,-100.0368717
MEXICO,SANTO TOMAS,19.179687951041053,-100.2998129
MEXICO,SOYANIQUILPAN DE JUAREZ,20.051805345944835,-99.51387438
MEXICO,SULTEPEC,18.73462101526212,-99.98920338
MEXICO,TECAMAC,19.70583650625199,-98.98650785
MEXICO,TEJUPILCO,18.87379724376469,-100.2130913
MEXICO,TEMAMATLA,19.18893261723393,-98.88377732
MEXICO,TEMASCALAPA,19.819120739238592,-98.88106872
MEXICO,TEMASCALCINGO,19.92125742814807,-100.0370049
MEXICO,TEMASCALTEPEC,19.08136234,-99.99659479
MEXICO,TEMOAYA,19.4849596,-99.60246947
MEXICO,TENANCINGO,18.96701986073151,-99.56922026
MEXICO,TENANGO DEL AIRE,19.15163715125571,-98.87015061
MEXICO,TENANGO DEL VALLE,19.081664406972887,-99.62926096
MEXICO,TEOLOYUCAN,19.762207398887167,-99.16818479
MEXICO,TEOTIHUACAN,19.686319288193218,-98.8706615
MEXICO,TEPETLAOXTOC,19.569382482266235,-98.76547213
MEXICO,TEPETLIXPA,19.009940344185466,-98.8412839
MEXICO,TEPOTZOTLAN,19.725213130294613,-99.30619368
MEXICO,TEQUIXQUIAC,19.904647943216315,-99.14958851
MEXICO,TEXCALTITLAN,18.939564311595962,-99.93929855
MEXICO,TEXCALYACAC,19.129643999887588,-99.5064291
MEXICO,TEXCOCO,19.47162419665012,-98.82779222
MEXICO,TEZOYUCA,19.596865284136648,-98.93100836
MEXICO,TIANGUISTENCO,19.162300199025278,-99.43216379
MEXICO,TIMILPAN,19.896345782142404,-99.71804159
MEXICO,TLALMANALCO,19.208902326974286,-98.73196968
MEXICO,TLALNEPANTLA DE BAZ,19.542745324891502,-99.17014635
MEXICO,TLATLAYA,18.544482634822685,-100.2570832
MEXICO,TOLUCA,19.297088674264877,-99.6664055
MEXICO,TONANITLA,19.681835938601395,-99.05836522
MEXICO,TONATICO,18.780903487627675,-99.63755925
MEXICO,TULTEPEC,19.67930505000254,-99.1196483
MEXICO,TULTITLAN,19.626209504742235,-99.14528843
MEXICO,VALLE DE BRAVO,19.17776775,-100.1219503
MEXICO,VALLE DE CHALCO SOLIDARIDAD,19.27638931400097,-98.94836034
MEXICO,VILLA DE ALLENDE,19.38724296034884,-100.1375637
MEXICO,VILLA DEL CARBON,19.721061415301282,-99.47843263
MEXICO,VILLA GUERRERO,18.97429909463721,-99.68772949
MEXICO,VILLA VICTORIA,19.442750253602785,-99.99213425
MEXICO,XALATLACO,19.16524522321378,-99.35927064
MEXICO,XONACATLAN,19.436951056514985,-99.46759873
MEXICO,ZACAZONAPAN,19.06082962600083,-100.2561103
MEXICO,ZACUALPAN,18.715820177857392,-99.81281105
MEXICO,ZINACANTEPEC,19.21540404275739,-99.79770311
MEXICO,ZUMPAHUACAN,18.800117393487486,-99.55408935
MEXICO,ZUMPANGO,19.809106788457377,-99.07182056
MICHOACAN,ACUITZIO,19.46583081284354,-101.3400023
MICHOACAN,AGUILILLA,18.777742070609595,-102.7610872
MICHOACAN,ALVARO OBREGON,19.87353688638292,-101.0217579
MICHOACAN,ANGAMACUTIRO,20.13890612,-101.7277624
MICHOACAN,ANGANGUEO,19.629229135471846,-100.2985271
MICHOACAN,APATZINGAN,18.938173105843756,-102.4233222
MICHOACAN,APORO,19.661981821384103,-100.3954263
MICHOACAN,AQUILA,18.374274908150653,-103.2357967
MICHOACAN,ARIO,19.15631230056726,-101.7066721
MICHOACAN,ARTEAGA,18.36407351024381,-102.2706861
MICHOACAN,BRISENAS,20.237543188541256,-102.5897953
MICHOACAN,BUENAVISTA,19.203875684931532,-102.5838682
MICHOACAN,CARACUARO,18.968827758194525,-101.0363143
MICHOACAN,CHARAPAN,19.69241839113019,-102.2279705
MICHOACAN,CHARO,19.668914093137516,-101.0133079
MICHOACAN,CHAVINDA,20.044026373835326,-102.4467065
MICHOACAN,CHERAN,19.73461884194197,-101.9897389
MICHOACAN,CHILCHOTA,19.813352628164196,-102.1011676
MICHOACAN,CHINICUILA,18.76389637385744,-103.4089379
MICHOACAN,CHUCANDIRO,19.896950303795002,-101.3621913
MICHOACAN,CHURINTZIO,20.12889305927352,-102.0780297
MICHOACAN,CHURUMUCO,18.689243999829372,-101.6162319
MICHOACAN,COAHUAYANA,18.742865041416348,-103.6153297
MICHOACAN,COALCOMAN DE VAZQUEZ PALLARES,18.679652997621616,-103.0859668
MICHOACAN,COENEO,19.795293875217055,-101.6272501
MICHOACAN,COJUMATLAN DE REGULES,20.111948701389544,-102.8792274
MICHOACAN,CONTEPEC,19.95930781751885,-100.2075883
MICHOACAN,COPANDARO,19.916279621807405,-101.2214031
MICHOACAN,COTIJA,19.759084083286613,-102.6999617
MICHOACAN,CUITZEO,19.980592635816745,-101.1118238
MICHOACAN,ECUANDUREO,20.155557866445843,-102.2434175
MICHOACAN,EPITACIO HUERTA,20.14734217655728,-100.2893416
MICHOACAN,ERONGARICUARO,19.619788013736898,-101.7252138
MICHOACAN,GABRIEL ZAMORA,19.15881701073973,-102.0071373
MICHOACAN,HIDALGO,19.612603390793797,-100.6778972
MICHOACAN,HUANDACAREO,19.996130353876417,-101.2777668
MICHOACAN,HUANIQUEO,19.89195070352345,-101.4964781
MICHOACAN,HUETAMO,18.65387090780053,-101.1050639
MICHOACAN,HUIRAMBA,19.521542113554847,-101.4570616
MICHOACAN,INDAPARAPEO,19.766022056280672,-100.9421581
MICHOACAN,IRIMBO,19.716800131051528,-100.4679996
MICHOACAN,IXTLAN,20.15136246641673,-102.4057192
MICHOACAN,JACONA,19.93494144353054,-102.3160019
MICHOACAN,JIMENEZ,19.926831133100954,-101.7043921
MICHOACAN,JIQUILPAN,19.977497801902853,-102.7534091
MICHOACAN,JOSE SIXTO VERDUZCO,20.256917256053143,-101.5669324
MICHOACAN,JUAREZ,19.292821703410446,-100.4601793
MICHOACAN,JUNGAPEO,19.43333714481566,-100.5186892
MICHOACAN,LA HUACANA,18.841959158102117,-101.9211609
MICHOACAN,LA PIEDAD,20.30558290819024,-102.0723113
MICHOACAN,LAGUNILLAS,19.577998896718203,-101.4111949
MICHOACAN,LAZARO CARDENAS,18.088725594340204,-102.3750699
MICHOACAN,LOS REYES,19.652840420685344,-102.3953396
MICHOACAN,MADERO,19.342468274347002,-101.1702182
MICHOACAN,MARAVATIO,19.889438608976082,-100.4289524
MICHOACAN,MARCOS CASTELLANOS,20.044823419156806,-102.9678339
MICHOACAN,MORELIA,19.666581310234875,-101.2791185
MICHOACAN,MORELOS,19.98983113411131,-101.4429956
MICHOACAN,MUGICA,18.971098572181212,-102.1238049
MICHOACAN,NAHUATZEN,19.645176814729094,-101.8795512
MICHOACAN,NOCUPETARO,19.09348841173647,-101.2159329
MICHOACAN,NUEVO PARANGARICUTIRO,19.408236593752836,-102.1957284
MICHOACAN,NUEVO URECHO,19.15911561009033,-101.8636818
MICHOACAN,NUMARAN,20.25067632411339,-101.9597534
MICHOACAN,OCAMPO,19.577179259867307,-100.3327655
MICHOACAN,PAJACUARAN,20.145157427547197,-102.5257373
MICHOACAN,PANINDICUARO,20.001744836448545,-101.7816513
MICHOACAN,PARACHO,19.654126554328933,-102.071052
MICHOACAN,PARACUARO,19.062059603091143,-102.212291
MICHOACAN,PATZCUARO,19.494496562216103,-101.5990154
MICHOACAN,PENJAMILLO,20.103838111809566,-101.8956067
MICHOACAN,PERIBAN,19.495289111677067,-102.4526098
MICHOACAN,PUREPERO,19.910718861430265,-101.9920137
MICHOACAN,PURUANDIRO,20.115710261425566,-101.5280324
MICHOACAN,QUERENDARO,19.726476985366887,-100.8467716
MICHOACAN,QUIROGA,19.695175466967466,-101.5386655
MICHOACAN,SAHUAYO,20.055140519292877,-102.7662973
MICHOACAN,SALVADOR ESCALANTE,19.381213857103273,-101.6880828
MICHOACAN,SAN LUCAS,18.567258938289324,-100.7628778
MICHOACAN,SANTA ANA MAYA,20.03925119,-101.0388857
MICHOACAN,SENGUIO,19.74617683,-100.3423317
MICHOACAN,SUSUPUATO,19.19120378140804,-100.4068674
MICHOACAN,TACAMBARO,19.254835377764202,-101.4520159
MICHOACAN,TANCITARO,19.33114385259731,-102.3470143
MICHOACAN,TANGAMANDAPIO,19.89024685588424,-102.4536454
MICHOACAN,TANGANCICUARO,19.87259905367526,-102.2486829
MICHOACAN,TANHUATO,20.25924501739297,-102.3417835
MICHOACAN,TARETAN,19.329309567074745,-101.8951056
MICHOACAN,TARIMBARO,19.816439514334096,-101.1575318
MICHOACAN,TEPALCATEPEC,19.06823451733432,-102.8583291
MICHOACAN,TINGAMBATO,19.513887912064657,-101.8506528
MICHOACAN,TINGUINDIN,19.78673288575023,-102.5004183
MICHOACAN,TIQUICHEO DE NICOLAS ROMERO,19.057182324436596,-100.7953751
MICHOACAN,TLALPUJAHUA,19.77988675960031,-100.2065826
MICHOACAN,TLAZAZALCA,20.00591861446847,-102.0608773
MICHOACAN,TOCUMBO,19.64639735908759,-102.5936982
MICHOACAN,TUMBISCATIO,18.55026685704274,-102.5100478
MICHOACAN,TURICATO,18.932076027217583,-101.4221165
MICHOACAN,TUXPAN,19.568331865023076,-100.4878778
MICHOACAN,TUZANTLA,19.221801791135587,-100.6179474
MICHOACAN,TZINTZUNTZAN,19.609950249637624,-101.5495268
MICHOACAN,TZITZIO,19.43162048168271,-100.914012
MICHOACAN,URUAPAN,19.443637088019567,-102.1056451
MICHOACAN,VENUSTIANO CARRANZA,20.14306191801676,-102.6662002
MICHOACAN,VILLAMAR,19.993761638510666,-102.586401
MICHOACAN,VISTA HERMOSA,20.266221943153827,-102.4698262
MICHOACAN,YURECUARO,20.29926779404034,-102.2195139
MICHOACAN,ZACAPU,19.824137315232214,-101.8278668
MICHOACAN,ZAMORA,20.032981773328693,-102.2640704
MICHOACAN,ZINAPARO,20.182484222187714,-102.0115465
MICHOACAN,ZINAPECUARO,19.87071446859917,-100.769286
MICHOACAN,ZIRACUARETIRO,19.428526535195818,-101.9090443
MICHOACAN,ZITACUARO,19.43822530684834,-100.3379489
MORELOS,AMACUZAC,18.590000477845813,-99.38668498
MORELOS,ATLATLAHUCAN,18.93504560251515,-98.89450471
MORELOS,AXOCHIAPAN,18.52523896298863,-98.75211401
MORELOS,AYALA,18.717246133008825,-98.97798402
MORELOS,COATLAN DEL RIO,18.73183007764329,-99.44577706
MORELOS,CUAUTLA,18.83113657970149,-98.95695511
MORELOS,CUERNAVACA,18.93888515821509,-99.26303921
MORELOS,EMILIANO ZAPATA,18.813748095896123,-99.18090338
MORELOS,HUITZILAC,19.057593479406094,-99.23662644
MORELOS,JANTETELCO,18.68540303580284,-98.76470969
MORELOS,JIUTEPEC,18.88519337757558,-99.16645881
MORELOS,JOJUTLA,18.586784627692737,-99.22125399
MORELOS,JONACATEPEC,18.663758385088073,-98.80941382
MORELOS,MAZATEPEC,18.685896951436877,-99.36541097
MORELOS,MIACATLAN,18.80295737578461,-99.35517779
MORELOS,OCUITUCO,18.881572077230825,-98.7809633
MORELOS,PUENTE DE IXTLA,18.57779026011946,-99.28567355
MORELOS,TEMIXCO,18.84252323440735,-99.27222955
MORELOS,TEMOAC,18.75923443691357,-98.79049946
MORELOS,TEPALCINGO,18.57477527588167,-98.89425245
MORELOS,TEPOZTLAN,18.98130167937301,-99.10518378
MORELOS,TETECALA,18.692748445735088,-99.41238617
MORELOS,TETELA DEL VOLCAN,18.905533180590698,-98.70820439
MORELOS,TLALNEPANTLA,19.03870565410471,-98.99023986
MORELOS,TLALTIZAPAN DE ZAPATA,18.704952356493518,-99.1082465
MORELOS,TLAQUILTENANGO,18.499128016237165,-99.07472551
MORELOS,TLAYACAPAN,18.953970547494112,-98.97504917
MORELOS,TOTOLAPAN,19.000435514400557,-98.9180321
MORELOS,XOCHITEPEC,18.761896740402317,-99.23528529
MORELOS,YAUTEPEC,18.869949763582177,-99.05093203
MORELOS,YECAPIXTLA,18.85250686032702,-98.85800559
MORELOS,ZACATEPEC,18.65470514152596,-99.20679634
MORELOS,ZACUALPAN DE AMILPAS,18.80686898779558,-98.75380235
NAYARIT,ACAPONETA,22.46476326,-105.2585411
NAYARIT,AHUACATLAN,21.04111245439836,-104.5763435
NAYARIT,AMATLAN DE CANAS,20.848471261953804,-104.4014509
NAYARIT,BAHIA DE BANDERAS,20.846466380175322,-105.2709998
NAYARIT,COMPOSTELA,21.131354189592418,-105.0566789
NAYARIT,DEL NAYAR,22.129070664439766,-104.6571087
NAYARIT,HUAJICORI,22.78853603318007,-105.2442162
NAYARIT,IXTLAN DEL RIO,21.033428177492546,-104.3069559
NAYARIT,JALA,21.184073426117806,-104.3993208
NAYARIT,LA YESCA,21.54281556313748,-104.1508925
NAYARIT,ROSAMORADA,22.11736452595111,-105.2047074
NAYARIT,RUIZ,21.99110491234311,-104.9625618
NAYARIT,SAN BLAS,21.570769519916894,-105.4740205
NAYARIT,SAN PEDRO LAGUNILLAS,21.16107453050128,-104.7487972
NAYARIT,SANTA MARIA DEL ORO,21.356485166802997,-104.590333
NAYARIT,SANTIAGO IXCUINTLA,21.853166442062914,-105.3222079
NAYARIT,TECUALA,22.33878102194821,-105.5192853
NAYARIT,TEPIC,21.621589988585118,-104.8404865
NAYARIT,TUXPAN,21.989736292202934,-105.4015638
NAYARIT,XALISCO,21.390862081444364,-104.9617614
NUEVO LEON,ABASOLO,25.94054340915942,-100.4059424
NUEVO LEON,AGUALEGUAS,26.298712065217305,-99.70308278
NUEVO LEON,ALLENDE,25.301434117252047,-100.0295183
NUEVO LEON,ANAHUAC,27.34214135031102,-100.0253619
NUEVO LEON,APODACA,25.79227575243332,-100.187331
NUEVO LEON,ARAMBERRI,24.22511770249369,-99.88650893
NUEVO LEON,BUSTAMANTE,26.57171110620363,-100.5617925
NUEVO LEON,CADEREYTA JIMENEZ,25.52459046066647,-99.91418579
NUEVO LEON,CERRALVO,26.072319333096253,-99.70536448
NUEVO LEON,CHINA,25.480158774260882,-98.97240917
NUEVO LEON,CIENEGA DE FLORES,25.977458457746266,-100.1854355
NUEVO LEON,DOCTOR ARROYO,23.860108383080025,-100.3062665
NUEVO LEON,DOCTOR COSS,25.964091084797893,-99.03087341
NUEVO LEON,DOCTOR GONZALEZ,25.849252007370595,-99.80497996
NUEVO LEON,EL CARMEN,25.900745089346152,-100.3568319
NUEVO LEON,GALEANA,24.760508975985154,-100.3922872
NUEVO LEON,GARCIA,25.809013885866495,-100.6597589
NUEVO LEON,GENERAL BRAVO,25.803314792316538,-98.84841806
NUEVO LEON,GENERAL ESCOBEDO,25.821968648300967,-100.3555678
NUEVO LEON,GENERAL TERAN,25.275873969833846,-99.4130166
NUEVO LEON,GENERAL TREVINO,26.212648450007563,-99.44596719
NUEVO LEON,GENERAL ZARAGOZA,23.90102904401381,-99.74017352
NUEVO LEON,GENERAL ZUAZUA,25.911392190583452,-100.1348197
NUEVO LEON,GUADALUPE,25.67265123635736,-100.2057778
NUEVO LEON,HIDALGO,25.999402260183153,-100.4531901
NUEVO LEON,HIGUERAS,26.033168117541774,-99.99750801
NUEVO LEON,HUALAHUISES,24.88379086586474,-99.67809606
NUEVO LEON,ITURBIDE,24.638417688674465,-99.84871564
NUEVO LEON,JUAREZ,25.614090045580802,-100.1214797
NUEVO LEON,LAMPAZOS DE NARANJO,27.050841409967294,-100.4182159
NUEVO LEON,LINARES,24.85177059127971,-99.52921953
NUEVO LEON,LOS ALDAMAS,26.091506059421256,-99.27348015
NUEVO LEON,LOS HERRERAS,25.916079012948114,-99.41423983
NUEVO LEON,LOS RAMONES,25.653310041632174,-99.58766699
NUEVO LEON,MARIN,25.874517999725253,-99.96461835
NUEVO LEON,MELCHOR OCAMPO,26.04891521258317,-99.49348346
NUEVO LEON,MIER Y NORIEGA,23.41791656,-100.160408
NUEVO LEON,MINA,26.285583569518472,-100.7862767
NUEVO LEON,MONTEMORELOS,25.12630542189785,-99.80838054
NUEVO LEON,MONTERREY,25.64478728122009,-100.311
NUEVO LEON,PARAS,26.58304244964174,-99.60155405
NUEVO LEON,PESQUERIA,25.736768661119676,-99.97713474
NUEVO LEON,RAYONES,25.065823442908435,-100.1277326
NUEVO LEON,SABINAS HIDALGO,26.575102311840638,-100.1492883
NUEVO LEON,SALINAS VICTORIA,26.161071400168442,-100.2703828
NUEVO LEON,SAN NICOLAS DE LOS GARZA,25.736056428920215,-100.2706914
NUEVO LEON,SAN PEDRO GARZA GARCIA,25.64459748328828,-100.3747577
NUEVO LEON,SANTA CATARINA,25.574610308784795,-100.4838634
NUEVO LEON,SANTIAGO,25.384896904201664,-100.2373232
NUEVO LEON,VALLECILLO,26.64810601135381,-99.88476271
NUEVO LEON,VILLALDAMA,26.46970461360609,-100.3480695
OAXACA,ABEJONES,17.490150749352004,-96.63383803
OAXACA,ACATLAN DE PEREZ FIGUEROA,18.452152912629106,-96.53956536
OAXACA,ANIMAS TRUJANO,16.98731871633594,-96.71620336
OAXACA,ASUNCION CACALOTEPEC,17.03383021545974,-95.92691037
OAXACA,ASUNCION CUYOTEPEJI,17.929495643465618,-97.65270861
OAXACA,ASUNCION IXTALTEPEC,16.661979444549512,-94.95645243
OAXACA,ASUNCION NOCHIXTLAN,17.448018989337296,-97.16778538
OAXACA,ASUNCION OCOTLAN,16.76289013709418,-96.72575715
OAXACA,ASUNCION TLACOLULITA,16.226119690199994,-95.76619704
OAXACA,AYOQUEZCO DE ALDAMA,16.67745839148928,-96.89208388
OAXACA,AYOTZINTEPEC,17.714640848083373,-96.1668011
OAXACA,CALIHUALA,17.545734239344085,-98.25385545
OAXACA,CANDELARIA LOXICHA,15.897765338620593,-96.52776973
OAXACA,CAPULALPAM DE MENDEZ,17.31804608150479,-96.4208821
OAXACA,CHAHUITES,16.273895355193623,-94.20464528
OAXACA,CHALCATONGO DE HIDALGO,16.986833288489745,-97.56232793
OAXACA,CHIQUIHUITLAN DE BENITO JUAREZ,17.992470109874496,-96.74874223
OAXACA,CIENEGA DE ZIMATLAN,16.893784219220706,-96.76637066
OAXACA,CIUDAD IXTEPEC,16.62338817,-95.08933485
OAXACA,COATECAS ALTAS,16.51405209233962,-96.63581227
OAXACA,COICOYAN DE LAS FLORES,17.21602078597141,-98.21717862
OAXACA,CONCEPCION BUENAVISTA,17.99030153265043,-97.44280341
OAXACA,CONCEPCION PAPALO,17.867690285080965,-96.853921
OAXACA,CONSTANCIA DEL ROSARIO,17.061460804865927,-98.01049358
OAXACA,COSOLAPA,18.57987177631613,-96.66187941
OAXACA,COSOLTEPEC,18.13803675284909,-97.80167377
OAXACA,CUILAPAM DE GUERRERO,17.00696101235423,-96.8014269
OAXACA,CUYAMECALCO VILLA DE ZARAGOZA,17.966129961250424,-96.85730831
OAXACA,EL BARRIO DE LA SOLEDAD,16.788276909301985,-95.04303655
OAXACA,EL ESPINAL,16.467171599427026,-95.03953594
OAXACA,ELOXOCHITLAN DE FLORES MAGON,18.194647148656657,-96.86927345
OAXACA,FRESNILLO DE TRUJANO,17.929880212312202,-98.12916855
OAXACA,GUADALUPE DE RAMIREZ,17.754449829000748,-98.16429733
OAXACA,GUADALUPE ETLA,17.17716475383948,-96.80207909
OAXACA,GUELATAO DE JUAREZ,17.31467933115971,-96.49911391
OAXACA,GUEVEA DE HUMBOLDT,16.838768848446687,-95.38939341
OAXACA,HEROICA CIUDAD DE EJUTLA DE CRESPO,16.596581608860063,-96.7313923
OAXACA,HUAJUAPAN DE LEON,17.85514719183645,-97.79984949
OAXACA,JUCHITAN DE ZARAGOZA,16.442934984346934,-94.93667883
OAXACA,HEROICA CIUDAD DE TLAXIACO,17.231388701770786,-97.69139232
OAXACA,HEROICA VILLA TEZOATLAN DE SEGUR,17.582239013704115,-97.85849621
OAXACA,HUAUTEPEC,18.072662085892333,-96.78392921
OAXACA,HUAUTLA DE JIMENEZ,18.14455082673669,-96.79992515
OAXACA,IXPANTEPEC NIEVES,17.50415995533069,-98.01435578
OAXACA,IXTLAN DE JUAREZ,17.494636588255528,-96.33935286
OAXACA,LA COMPANIA,16.579799963654104,-96.85145738
OAXACA,LA PE,16.623503152035727,-96.79388558
OAXACA,LA REFORMA,16.647648655568126,-97.86337078
OAXACA,LA TRINIDAD VISTA HERMOSA,17.777176824930123,-97.50146918
OAXACA,LOMA BONITA,18.000832212080486,-95.89104372
OAXACA,MAGDALENA APASCO,17.247153148122386,-96.81523584
OAXACA,MAGDALENA JALTEPEC,17.261156134774915,-97.24206201
OAXACA,MAGDALENA MIXTEPEC,16.896344825881883,-96.90875228
OAXACA,MAGDALENA OCOTLAN,16.708593934007382,-96.71497296
OAXACA,MAGDALENA PENASCO,17.24045855119018,-97.55388412
OAXACA,MAGDALENA TEITIPAC,16.89016658007389,-96.55748953
OAXACA,MAGDALENA TEQUISISTLAN,16.3477716,-95.65531113
OAXACA,MAGDALENA TLACOTEPEC,16.51083787862717,-95.25267107
OAXACA,MAGDALENA YODOCONO DE PORFIRIO D,17.378531670058443,-97.39501442
OAXACA,MAGDALENA ZAHUATLAN,17.39043910509393,-97.22491453
OAXACA,MARISCALA DE JUAREZ,17.82752527616335,-98.12365401
OAXACA,MARTIRES DE TACUBAYA,16.54212340094361,-98.23680387
OAXACA,MATIAS ROMERO AVENDANO,17.15560367333679,-94.99096906
OAXACA,MAZATLAN VILLA DE FLORES,18.029364856237063,-96.91094817
OAXACA,MESONES HIDALGO,16.92233099624356,-98.00992363
OAXACA,MIAHUATLAN DE PORFIRIO DIAZ,16.348384249460533,-96.64607524
OAXACA,MIXISTLAN DE LA REFORMA,17.16538706476969,-96.10405078
OAXACA,MONJAS,16.37315966269311,-96.63097633
OAXACA,NATIVIDAD,17.30173369857677,-96.42625114
OAXACA,NAZARENO ETLA,17.181179527996417,-96.82935149
OAXACA,NEJAPA DE MADERO,16.66869229897451,-95.79415893
OAXACA,NUEVO ZOQUIAPAM,17.261074536645772,-96.64658114
OAXACA,OAXACA DE JUAREZ,17.10210530599925,-96.72412007
OAXACA,OCOTLAN DE MORELOS,16.761794011737816,-96.70339762
OAXACA,PINOTEPA DE DON LUIS,16.40368016426549,-97.96606981
OAXACA,PLUMA HIDALGO,15.91937435561006,-96.427886
OAXACA,PUTLA VILLA DE GUERRERO,16.998313563922906,-97.89361468
OAXACA,REFORMA DE PINEDA,16.392525930708427,-94.44580949
OAXACA,REYES ETLA,17.209941849046793,-96.81906748
OAXACA,ROJAS DE CUAUHTEMOC,17.002410958290803,-96.63615082
OAXACA,SALINA CRUZ,16.193691612795117,-95.22044001
OAXACA,SAN AGUSTIN AMATENGO,16.513787946086463,-96.81379699
OAXACA,SAN AGUSTIN ATENANGO,17.589171197928966,-97.99341397
OAXACA,SAN AGUSTIN CHAYUCO,16.44970648,-97.80467683
OAXACA,SAN AGUSTIN DE LAS JUNTAS,16.991971368414166,-96.68559334
OAXACA,SAN AGUSTIN ETLA,17.20126067513728,-96.7182607
OAXACA,SAN AGUSTIN LOXICHA,15.976176433527746,-96.6208192
OAXACA,SAN AGUSTIN TLACOTEPEC,17.19826943740979,-97.51574086
OAXACA,SAN AGUSTIN YATARENI,17.08069583,-96.67946037
OAXACA,SAN ANDRES CABECERA NUEVA,16.847436116479575,-97.79208045
OAXACA,SAN ANDRES DINICUITI,17.698530246823523,-97.68874149
OAXACA,SAN ANDRES HUAXPALTEPEC,16.34478320436804,-97.91750822
OAXACA,SAN ANDRES HUAYAPAM,17.12746228884984,-96.66729251
OAXACA,SAN ANDRES IXTLAHUACA,17.058776404668414,-96.86491558
OAXACA,SAN ANDRES LAGUNAS,17.589466890250385,-97.52933784
OAXACA,SAN ANDRES NUXINO,17.233960718292376,-97.06316004
OAXACA,SAN ANDRES PAXTLAN,16.211693226041575,-96.52495384
OAXACA,SAN ANDRES SINAXTLA,17.484686536869944,-97.29610822
OAXACA,SAN ANDRES SOLAGA,17.276772894417036,-96.22329916
OAXACA,SAN ANDRES TEOTILALPAM,17.944759448295667,-96.59952004
OAXACA,SAN ANDRES TEPETLAPA,17.659365268450276,-98.38642919
OAXACA,SAN ANDRES YAA,17.290312357340138,-96.1323881
OAXACA,SAN ANDRES ZABACHE,16.601052339565598,-96.86062899
OAXACA,SAN ANDRES ZAUTLA,17.184201095662104,-96.90297596
OAXACA,SAN ANTONINO CASTILLO VELASCO,16.81393718092866,-96.69254035
OAXACA,SAN ANTONINO EL ALTO,16.83405697,-97.04503841
OAXACA,SAN ANTONINO MONTE VERDE,17.518481883796188,-97.74396892
OAXACA,SAN ANTONIO ACUTLA,17.742888856742685,-97.49559693
OAXACA,SAN ANTONIO DE LA CAL,17.02411221442969,-96.69181849
OAXACA,SAN ANTONIO HUITEPEC,16.920592842793738,-97.14296404
OAXACA,SAN ANTONIO NANAHUATIPAM,18.146151208904033,-97.16451187
OAXACA,SAN ANTONIO SINICAHUA,17.153158843777955,-97.57365863
OAXACA,SAN ANTONIO TEPETLAPA,16.54069891223138,-98.04782928
OAXACA,SAN BALTAZAR CHICHICAPAM,16.766334153015436,-96.50736766
OAXACA,SAN BALTAZAR LOXICHA,16.036006024821333,-96.79618477
OAXACA,SAN BALTAZAR YATZACHI EL BAJO,17.220410072669242,-96.21060997
OAXACA,SAN BARTOLO COYOTEPEC,16.941142321901165,-96.69561506
OAXACA,SAN BARTOLO SOYALTEPEC,17.58442381984601,-97.31415579
OAXACA,SAN BARTOLO YAUTEPEC,16.425504480293394,-95.92803205
OAXACA,SAN BARTOLOME AYAUTLA,18.050078600098356,-96.67552201
OAXACA,SAN BARTOLOME LOXICHA,15.943845972683764,-96.75481592
OAXACA,SAN BARTOLOME QUIALANA,16.896726686030494,-96.50006211
OAXACA,SAN BARTOLOME YUCUANE,17.223981178920337,-97.45258218
OAXACA,SAN BARTOLOME ZOOGOCHO,17.24528035210476,-96.24324114
OAXACA,SAN BERNARDO MIXTEPEC,16.844417180523756,-96.91718107
OAXACA,SAN BLAS ATEMPA,16.357893755514063,-95.14617614
OAXACA,SAN CARLOS YAUTEPEC,16.414683239327235,-95.96223289
OAXACA,SAN CRISTOBAL AMATLAN,16.30731885335099,-96.38300783
OAXACA,SAN CRISTOBAL AMOLTEPEC,17.282378154257604,-97.58108205
OAXACA,SAN CRISTOBAL LACHIRIOAG,17.35143804112344,-96.17494951
OAXACA,SAN CRISTOBAL SUCHIXTLAHUACA,17.725421085191336,-97.38361878
OAXACA,SAN DIONISIO DEL MAR,16.375126702240003,-94.72898923
OAXACA,SAN DIONISIO OCOTEPEC,16.780918179255146,-96.30206453
OAXACA,SAN DIONISIO OCOTLAN,16.749907441991414,-96.66417571
OAXACA,SAN ESTEBAN ATATLAHUCA,17.07693454425739,-97.6919824
OAXACA,SAN FELIPE JALAPA DE DIAZ,18.06964547,-96.53510115
OAXACA,SAN FELIPE TEJALAPAM,17.092897874490593,-96.8852348
OAXACA,SAN FELIPE USILA,17.82029060242289,-96.50709594
OAXACA,SAN FRANCISCO CAHUACUA,16.85808398153729,-97.36767738
OAXACA,SAN FRANCISCO CAJONOS,17.180861701212827,-96.26464618
OAXACA,SAN FRANCISCO CHAPULAPA,17.90557104476384,-96.74520233
OAXACA,SAN FRANCISCO CHINDUA,17.417010410290207,-97.31435809
OAXACA,SAN FRANCISCO DEL MAR,16.22010779951118,-94.43090946
OAXACA,SAN FRANCISCO HUEHUETLAN,18.195236093666903,-96.93618416
OAXACA,SAN FRANCISCO IXHUATAN,16.352681230352307,-94.5130832
OAXACA,SAN FRANCISCO JALTEPETONGO,17.346492855251984,-97.27507697
OAXACA,SAN FRANCISCO LACHIGOLO,17.026345655347658,-96.59581524
OAXACA,SAN FRANCISCO LOGUECHE,16.373425101776373,-96.38012773
OAXACA,SAN FRANCISCO NUXANO,17.363329791066942,-97.33402944
OAXACA,SAN FRANCISCO OZOLOTEPEC,16.093357985981882,-96.20194971
OAXACA,SAN FRANCISCO SOLA,16.51416063518003,-96.90584891
OAXACA,SAN FRANCISCO TELIXTLAHUACA,17.37211155168363,-96.92812306
OAXACA,SAN FRANCISCO TEOPAN,17.890413141869956,-97.54353169
OAXACA,SAN FRANCISCO TLAPANCINGO,17.476367381236322,-98.26332847
OAXACA,SAN GABRIEL MIXTEPEC,16.050624515324834,-97.04525976
OAXACA,SAN ILDEFONSO AMATLAN,16.289389271063037,-96.45374331
OAXACA,SAN ILDEFONSO SOLA,16.591934611812004,-96.95603543
OAXACA,SAN ILDEFONSO VILLA ALTA,17.373845996940815,-96.13700208
OAXACA,SAN JACINTO AMILPAS,17.09536839088001,-96.75743125
OAXACA,SAN JACINTO TLACOTEPEC,16.503273117743706,-97.36595834
OAXACA,SAN JERONIMO COATLAN,16.204447915177592,-96.96964343
OAXACA,SAN JERONIMO SILACAYOAPILLA,17.80672793190992,-97.86887175
OAXACA,SAN JERONIMO SOSOLA,17.390546534370834,-97.03577882
OAXACA,SAN JERONIMO TAVICHE,16.70405466715915,-96.57139296
OAXACA,SAN JERONIMO TECOATL,18.15379816155427,-96.92903245
OAXACA,SAN JERONIMO TLACOCHAHUAYA,17.007718055539122,-96.54870251
OAXACA,SAN JORGE NUCHITA,17.689143372365745,-98.09157575
OAXACA,SAN JOSE AYUQUILA,17.95441980293536,-97.97217797
OAXACA,SAN JOSE CHILTEPEC,17.91468219147137,-96.12365066
OAXACA,SAN JOSE DEL PENASCO,16.280582590314843,-96.49329046
OAXACA,SAN JOSE DEL PROGRESO,16.672081581739235,-96.66506905
OAXACA,SAN JOSE ESTANCIA GRANDE,16.37783988086241,-98.25632333
OAXACA,SAN JOSE INDEPENDENCIA,18.257629429913788,-96.64248972
OAXACA,SAN JOSE LACHIGUIRI,16.401571171376524,-96.3349668
OAXACA,SAN JOSE TENANGO,18.160845373079955,-96.66804369
OAXACA,SAN JUAN ACHIUTLA,17.350008405765056,-97.50055163
OAXACA,SAN JUAN ATEPEC,17.464113122755478,-96.48836861
OAXACA,SAN JUAN BAUTISTA ATATLAHUCA,17.588904868803134,-96.768566
OAXACA,SAN JUAN BAUTISTA COIXTLAHUACA,17.720610091401426,-97.26241175
OAXACA,SAN JUAN BAUTISTA CUICATLAN,17.741167873318457,-96.96902211
OAXACA,SAN JUAN BAUTISTA GUELACHE,17.237998511589453,-96.75914203
OAXACA,SAN JUAN BAUTISTA JAYACATLAN,17.439182399055056,-96.8074794
OAXACA,SAN JUAN BAUTISTA LO DE SOTO,16.51487414722306,-98.34379308
OAXACA,SAN JUAN BAUTISTA SUCHITEPEC,18.00000777028418,-97.64327838
OAXACA,SAN JUAN BAUTISTA TLACHICHILCO,17.590711482431757,-98.32222337
OAXACA,SAN JUAN BAUTISTA TLACOATZINTEPE,17.87300808248175,-96.59241628
OAXACA,SAN JUAN BAUTISTA TUXTEPEC,18.02896093754421,-96.09274877
OAXACA,SAN JUAN BAUTISTA VALLE NACIONAL,17.797310876511396,-96.33476666
OAXACA,SAN JUAN CACAHUATEPEC,16.641719802872746,-98.16342197
OAXACA,SAN JUAN CHICOMEZUCHIL,17.279222196962817,-96.50733955
OAXACA,SAN JUAN CHILATECA,16.82825863293263,-96.67165498
OAXACA,SAN JUAN CIENEGUILLA,17.86540627,-98.27071845
OAXACA,SAN JUAN COATZOSPAM,18.058251890589933,-96.72864891
OAXACA,SAN JUAN COLORADO,16.495151645025537,-97.9106704
OAXACA,SAN JUAN COMALTEPEC,17.328990112201314,-95.95655558
OAXACA,SAN JUAN COTZOCON,17.318345103177318,-95.49677532
OAXACA,SAN JUAN DE LOS CUES,18.044336983100827,-97.03923905
OAXACA,SAN JUAN DEL ESTADO,17.329444692236045,-96.7792472
OAXACA,SAN JUAN DEL RIO,16.891776831739186,-96.16134864
OAXACA,SAN JUAN DIUXI,17.277782465566155,-97.38965236
OAXACA,SAN JUAN EVANGELISTA ANALCO,17.400907268549947,-96.5393227
OAXACA,SAN JUAN GUELAVIA,16.953906964963785,-96.54152523
OAXACA,SAN JUAN GUICHICOVI,17.05406945273442,-95.11216685
OAXACA,SAN JUAN IHUALTEPEC,17.764349056400743,-98.29025003
OAXACA,SAN JUAN JUQUILA MIXES,16.874659745982886,-95.89103607
OAXACA,SAN JUAN JUQUILA VIJANOS,17.324011847900174,-96.30172725
OAXACA,SAN JUAN LACHAO,16.209286809204627,-97.11696817
OAXACA,SAN JUAN LACHIGALLA,16.56843089934576,-96.54577698
OAXACA,SAN JUAN LAJARCIA,16.511417784196674,-95.91790851
OAXACA,SAN JUAN LALANA,17.493295792225233,-95.79130654
OAXACA,SAN JUAN MAZATLAN,17.132028320349498,-95.4207718
OAXACA,SAN JUAN MIXTEPEC -DTO. 08 -,17.33769528815128,-97.85588189
OAXACA,SAN JUAN MIXTEPEC -DTO. 26 -,16.246687655472222,-96.31317811
OAXACA,SAN JUAN NUMI,17.42614112894544,-97.75488992
OAXACA,SAN JUAN OZOLOTEPEC,16.10685611211182,-96.20880404
OAXACA,SAN JUAN PETLAPA,17.489927158664916,-96.04772647
OAXACA,SAN JUAN QUIAHIJE,16.342085054818277,-97.35483359
OAXACA,SAN JUAN QUIOTEPEC,17.66272604801561,-96.6262494
OAXACA,SAN JUAN SAYULTEPEC,17.44829825312155,-97.29178853
OAXACA,SAN JUAN TABAA,17.318613646719992,-96.21850917
OAXACA,SAN JUAN TAMAZOLA,17.116405609775036,-97.17102265
OAXACA,SAN JUAN TEITA,17.0774139,-97.4300197
OAXACA,SAN JUAN TEITIPAC,16.89453764853463,-96.59773994
OAXACA,SAN JUAN TEPEUXILA,17.739664361488796,-96.76248539
OAXACA,SAN JUAN TEPOSCOLULA,17.58725835738741,-97.41575783
OAXACA,SAN JUAN YAEE,17.441987673272617,-96.27995294
OAXACA,SAN JUAN YATZONA,17.410513299819428,-96.18215004
OAXACA,SAN JUAN YUCUITA,17.523430231185333,-97.26898286
OAXACA,SAN LORENZO,16.411231222504984,-97.87785903
OAXACA,SAN LORENZO ALBARRADAS,16.891021889780085,-96.23848428
OAXACA,SAN LORENZO CACAOTEPEC,17.129044032072816,-96.80356204
OAXACA,SAN LORENZO CUAUNECUILTITLA,18.216348506235956,-96.91727679
OAXACA,SAN LORENZO TEXMELUCAN,16.526869190522476,-97.18646671
OAXACA,SAN LORENZO VICTORIA,17.631899236212163,-98.12383343
OAXACA,SAN LUCAS CAMOTLAN,16.93781058,-95.68977049
OAXACA,SAN LUCAS OJITLAN,18.034235916396774,-96.36252103
OAXACA,SAN LUCAS QUIAVINI,16.879297114421934,-96.45350239
OAXACA,SAN LUCAS ZOQUIAPAM,18.11234408656321,-96.91589167
OAXACA,SAN LUIS AMATLAN,16.453265754396877,-96.47893075
OAXACA,SAN MARCIAL OZOLOTEPEC,16.040577667144817,-96.40399494
OAXACA,SAN MARCOS ARTEAGA,17.737506390131202,-97.90379799
OAXACA,SAN MARTIN DE LOS CANSECOS,16.65605437114644,-96.72606797
OAXACA,SAN MARTIN HUAMELULPAM,17.396295736712794,-97.60895626
OAXACA,SAN MARTIN ITUNYOSO,17.21735851281305,-97.85578038
OAXACA,SAN MARTIN LACHILA,16.61637881178423,-96.85418204
OAXACA,SAN MARTIN PERAS,17.361692741420907,-98.24503381
OAXACA,SAN MARTIN TILCAJETE,16.875746951858293,-96.69192176
OAXACA,SAN MARTIN TOXPALAN,18.107396959671913,-97.03090383
OAXACA,SAN MARTIN ZACATEPEC,17.81654697737972,-98.07095312
OAXACA,SAN MATEO CAJONOS,17.152973809353306,-96.19696721
OAXACA,SAN MATEO DEL MAR,16.209300631631933,-95.04765583
OAXACA,SAN MATEO ETLATONGO,17.422588380146053,-97.26290992
OAXACA,SAN MATEO NEJAPAM,17.646894002741856,-98.42138923
OAXACA,SAN MATEO PENASCO,17.14499236,-97.49478301
OAXACA,SAN MATEO PINAS,15.971728838395215,-96.33878511
OAXACA,SAN MATEO RIO HONDO,16.121311121424913,-96.52522696
OAXACA,SAN MATEO SINDIHUI,17.003952176128667,-97.37110764
OAXACA,SAN MATEO TLAPILTEPEC,17.805051652378395,-97.42951402
OAXACA,SAN MATEO YOLOXOCHITLAN,18.141184925629513,-96.8689532
OAXACA,SAN MATEO YUCUTINDO,16.78047899637668,-97.38216567
OAXACA,SAN MELCHOR BETAZA,17.245891224793734,-96.15076238
OAXACA,SAN MIGUEL ACHIUTLA,17.306614876853384,-97.47352432
OAXACA,SAN MIGUEL AHUEHUETITLAN,17.68289031888215,-98.33212839
OAXACA,SAN MIGUEL ALOAPAM,17.43389860572509,-96.70427136
OAXACA,SAN MIGUEL AMATITLAN,17.88672124617874,-98.01944132
OAXACA,SAN MIGUEL AMATLAN,17.20015322422375,-96.45641029
OAXACA,SAN MIGUEL CHICAHUA,17.62680544876075,-97.19822105
OAXACA,SAN MIGUEL CHIMALAPA,16.652530414885565,-94.40985682
OAXACA,SAN MIGUEL COATLAN,16.166625513954735,-96.68014043
OAXACA,SAN MIGUEL DEL PUERTO,15.945292450225963,-96.09628267
OAXACA,SAN MIGUEL DEL RIO,17.327472514164892,-96.57438728
OAXACA,SAN MIGUEL EJUTLA,16.59619052361739,-96.73660582
OAXACA,SAN MIGUEL EL GRANDE,17.07855113111563,-97.61587168
OAXACA,SAN MIGUEL HUAUTLA,17.754439269646337,-97.146181
OAXACA,SAN MIGUEL MIXTEPEC,16.757550613245463,-96.9478641
OAXACA,SAN MIGUEL PANIXTLAHUACA,16.238656253161345,-97.40049458
OAXACA,SAN MIGUEL PERAS,16.943197975762793,-97.00974461
OAXACA,SAN MIGUEL PIEDRAS,16.981057559983253,-97.21635825
OAXACA,SAN MIGUEL QUETZALTEPEC,16.97567149187641,-95.78022139
OAXACA,SAN MIGUEL SANTA FLOR,17.91987064187859,-96.79768146
OAXACA,SAN MIGUEL SOYALTEPEC,18.25250265968012,-96.43888232
OAXACA,SAN MIGUEL SUCHIXTEPEC,16.080168422487993,-96.4584274
OAXACA,SAN MIGUEL TECOMATLAN,17.378864007385832,-97.29105164
OAXACA,SAN MIGUEL TENANGO,16.23193368180421,-95.5478223
OAXACA,SAN MIGUEL TEQUIXTEPEC,17.824187969426486,-97.31488046
OAXACA,SAN MIGUEL TILQUIAPAM,16.77563455337471,-96.56436075
OAXACA,SAN MIGUEL TLACAMAMA,16.44046169389062,-98.10827453
OAXACA,SAN MIGUEL TLACOTEPEC,17.442257710525233,-98.01070023
OAXACA,SAN MIGUEL TULANCINGO,17.75368617433812,-97.44600984
OAXACA,SAN MIGUEL YOTAO,17.34811373154102,-96.35340735
OAXACA,SAN NICOLAS,16.430956087524777,-96.744656
OAXACA,SAN NICOLAS HIDALGO,17.776296142335923,-98.13261622
OAXACA,SAN PABLO COATLAN,16.17026206934072,-96.79001419
OAXACA,SAN PABLO CUATRO VENADOS,16.948180743589397,-96.9390256
OAXACA,SAN PABLO ETLA,17.163660757830186,-96.73374565
OAXACA,SAN PABLO HUITZO,17.309749020708132,-96.87359613
OAXACA,SAN PABLO HUIXTEPEC,16.81801043117632,-96.80660489
OAXACA,SAN PABLO MACUILTIANGUIS,17.52170744933312,-96.52161909
OAXACA,SAN PABLO TIJALTEPEC,17.007543676102607,-97.47128512
OAXACA,SAN PABLO VILLA DE MITLA,16.968798153267027,-96.29489429
OAXACA,SAN PABLO YAGANIZA,17.12508765593531,-96.21716093
OAXACA,SAN PEDRO AMUZGOS,16.677489226768873,-98.08367048
OAXACA,SAN PEDRO APOSTOL,16.741265037660067,-96.73403126
OAXACA,SAN PEDRO ATOYAC,16.51880776897445,-97.96946312
OAXACA,SAN PEDRO CAJONOS,17.163443975860048,-96.26205749
OAXACA,SAN PEDRO COMITANCILLO,16.463622433099353,-95.16654458
OAXACA,SAN PEDRO COXCALTEPEC CANTAROS,17.521170738626545,-97.10982708
OAXACA,SAN PEDRO EL ALTO,16.015819924452128,-96.47169102
OAXACA,SAN PEDRO HUAMELULA,15.974429830815765,-95.78208094
OAXACA,SAN PEDRO HUILOTEPEC,16.242859505181084,-95.14752247
OAXACA,SAN PEDRO IXCATLAN,18.159143010214752,-96.55145364
OAXACA,SAN PEDRO IXTLAHUACA,17.052697234070557,-96.82695088
OAXACA,SAN PEDRO JALTEPETONGO,17.68676294,-97.02657865
OAXACA,SAN PEDRO JICAYAN,16.469501428207597,-98.0421026
OAXACA,SAN PEDRO JOCOTIPAC,17.759253317806003,-97.07149682
OAXACA,SAN PEDRO JUCHATENGO,16.31916420505885,-97.10907075
OAXACA,SAN PEDRO MARTIR,16.74830981491188,-96.704253
OAXACA,SAN PEDRO MARTIR QUIECHAPA,16.44215836504986,-96.25359167
OAXACA,SAN PEDRO MARTIR YUCUXACO,17.450089511677866,-97.6438099
OAXACA,SAN PEDRO MIXTEPEC -DTO. 22 -,15.949731648260416,-97.06950907
OAXACA,SAN PEDRO MIXTEPEC -DTO. 26 -,16.21878521309906,-96.20957828
OAXACA,SAN PEDRO MOLINOS,17.103916416826127,-97.5518362
OAXACA,SAN PEDRO NOPALA,17.810501244410997,-97.57686337
OAXACA,SAN PEDRO OCOPETATILLO,18.183364343338212,-96.91128678
OAXACA,SAN PEDRO OCOTEPEC,16.97177331548197,-95.84078764
OAXACA,SAN PEDRO POCHUTLA,15.789454564210338,-96.41280677
OAXACA,SAN PEDRO QUIATONI,16.767267610381865,-96.03444782
OAXACA,SAN PEDRO SOCHIAPAM,17.819520311424657,-96.64089991
OAXACA,SAN PEDRO TAPANATEPEC,16.308342578209583,-94.19097009
OAXACA,SAN PEDRO TAVICHE,16.64390955786003,-96.53396769
OAXACA,SAN PEDRO TEOZACOALCO,16.995705800419397,-97.27480379
OAXACA,SAN PEDRO TEUTILA,17.990277218867423,-96.62867167
OAXACA,SAN PEDRO TIDAA,17.337348818540658,-97.39130416
OAXACA,SAN PEDRO TOPILTEPEC,17.45524577040268,-97.35743551
OAXACA,SAN PEDRO TOTOLAPAM,16.66284197789953,-96.22921317
OAXACA,SAN PEDRO Y SAN PABLO AYUTLA,17.021742134003222,-96.13498258
OAXACA,SAN PEDRO Y SAN PABLO TEPOSCOLUL,17.50787445526929,-97.50641198
OAXACA,SAN PEDRO Y SAN PABLO TEQUIXTEPEC,18.088485818131073,-97.70629436
OAXACA,SAN PEDRO YANERI,17.423127810867697,-96.38067198
OAXACA,SAN PEDRO YOLOX,17.633386299796424,-96.47946998
OAXACA,SAN PEDRO YUCUNAMA,17.57722615,-97.48085188
OAXACA,SAN RAYMUNDO JALPAN,16.98200298,-96.75474531
OAXACA,SAN SEBASTIAN ABASOLO,16.984682755239824,-96.60331604
OAXACA,SAN SEBASTIAN COATLAN,16.088509577145093,-96.87125378
OAXACA,SAN SEBASTIAN IXCAPA,16.525934028885157,-98.1495432
OAXACA,SAN SEBASTIAN NICANANDUTA,17.519956620226402,-97.67438603
OAXACA,SAN SEBASTIAN RIO HONDO,16.205081578670757,-96.42338233
OAXACA,SAN SEBASTIAN TECOMAXTLAHUACA,17.345235598331183,-98.09363608
OAXACA,SAN SEBASTIAN TEITIPAC,16.951772615474187,-96.63342433
OAXACA,SAN SEBASTIAN TUTLA,17.045304639817793,-96.67970734
OAXACA,SAN SIMON ALMOLONGAS,16.401902818641567,-96.72652063
OAXACA,SAN SIMON ZAHUATLAN,17.835364076427418,-97.99814221
OAXACA,SAN VICENTE COATLAN,16.372773694955917,-96.83351719
OAXACA,SAN VICENTE LACHIXIO,16.652424856419533,-97.03822258
OAXACA,SAN VICENTE NUNU,17.430346782261903,-97.43559994
OAXACA,SANTA ANA,16.334269794235034,-96.730285
OAXACA,SANTA ANA ATEIXTLAHUACA,18.224745471056266,-96.8884722
OAXACA,SANTA ANA CUAUHTEMOC,17.989776065566613,-96.80115607
OAXACA,SANTA ANA DEL VALLE,17.011515930711983,-96.46539767
OAXACA,SANTA ANA TAVELA,16.604252549157486,-95.88380558
OAXACA,SANTA ANA TLAPACOYAN,16.743083918117858,-96.86155967
OAXACA,SANTA ANA YARENI,17.396221827933104,-96.62214556
OAXACA,SANTA ANA ZEGACHE,16.83640056043327,-96.73192965
OAXACA,SANTA CATALINA QUIERI,16.32960773,-96.24174566
OAXACA,SANTA CATARINA CUIXTLA,16.294916072305877,-96.64821402
OAXACA,SANTA CATARINA IXTEPEJI,17.213799048556012,-96.57708566
OAXACA,SANTA CATARINA JUQUILA,16.177339890691027,-97.29619085
OAXACA,SANTA CATARINA LACHATAO,17.180509902364744,-96.49846088
OAXACA,SANTA CATARINA LOXICHA,16.070955823680215,-96.7187737
OAXACA,SANTA CATARINA MECHOACAN,16.339710544318116,-97.83913159
OAXACA,SANTA CATARINA MINAS,16.79147008,-96.61268877
OAXACA,SANTA CATARINA QUIANE,16.883350158019507,-96.73207752
OAXACA,SANTA CATARINA QUIOQUITANI,16.309181462741165,-96.27025517
OAXACA,SANTA CATARINA TAYATA,17.334691003444494,-97.55141843
OAXACA,SANTA CATARINA TICUA,17.06184944042581,-97.53435223
OAXACA,SANTA CATARINA YOSONOTU,17.00782371315304,-97.67265293
OAXACA,SANTA CATARINA ZAPOQUILA,18.02075019224471,-97.55663262
OAXACA,SANTA CRUZ ACATEPEC,18.15750173026585,-96.8830472
OAXACA,SANTA CRUZ AMILPAS,17.048593579289868,-96.68509385
OAXACA,SANTA CRUZ DE BRAVO,17.570550971608284,-98.21533513
OAXACA,SANTA CRUZ ITUNDUJIA,16.728212885226338,-97.68135953
OAXACA,SANTA CRUZ MIXTEPEC,16.78999717,-96.90533953
OAXACA,SANTA CRUZ NUNDACO,17.15489573600994,-97.71831638
OAXACA,SANTA CRUZ PAPALUTLA,16.952505298030484,-96.58383042
OAXACA,SANTA CRUZ TACACHE DE MINA,17.821436918289045,-98.16437647
OAXACA,SANTA CRUZ TACAHUA,16.91813104497934,-97.4623576
OAXACA,SANTA CRUZ TAYATA,17.376702934388955,-97.56794817
OAXACA,SANTA CRUZ XITLA,16.337309822421368,-96.67813986
OAXACA,SANTA CRUZ XOXOCOTLAN,17.019021221633327,-96.74859525
OAXACA,SANTA CRUZ ZENZONTEPEC,16.469348130649657,-97.4847813
OAXACA,SANTA GERTRUDIS,16.781718172725977,-96.79318164
OAXACA,SANTA INES DE ZARAGOZA,17.274888947770936,-97.14139877
OAXACA,SANTA INES DEL MONTE,16.92174361123264,-96.85463254
OAXACA,SANTA INES YATZECHE,16.80582094886304,-96.75894202
OAXACA,SANTA LUCIA DEL CAMINO,17.06497527314902,-96.69111153
OAXACA,SANTA LUCIA MIAHUATLAN,16.180822269255785,-96.62065978
OAXACA,SANTA LUCIA MONTEVERDE,16.94319495770774,-97.7321456
OAXACA,SANTA LUCIA OCOTLAN,16.724680736993903,-96.66866224
OAXACA,SANTA MAGDALENA JICOTLAN,17.80660688,-97.48178989
OAXACA,SANTA MARIA ALOTEPEC,17.079177570639242,-95.84651753
OAXACA,SANTA MARIA APAZCO,17.624709217767222,-97.08020585
OAXACA,SANTA MARIA ATZOMPA,17.088202915897703,-96.7864466
OAXACA,SANTA MARIA CAMOTLAN,17.86961908082789,-97.64995474
OAXACA,SANTA MARIA CHACHOAPAM,17.565763651199653,-97.26064898
OAXACA,SANTA MARIA CHILCHOTLA,18.293069266960686,-96.74620241
OAXACA,SANTA MARIA CHIMALAPA,16.946917010813696,-94.38859585
OAXACA,SANTA MARIA COLOTEPEC,15.862058422694831,-96.92199149
OAXACA,SANTA MARIA CORTIJO,16.42892671687439,-98.31270555
OAXACA,SANTA MARIA COYOTEPEC,16.970622627413896,-96.71020224
OAXACA,SANTA MARIA DEL ROSARIO,17.343685995576468,-97.60512086
OAXACA,SANTA MARIA DEL TULE,17.02924080332634,-96.63429752
OAXACA,SANTA MARIA ECATEPEC,16.233362816724185,-95.86505776
OAXACA,SANTA MARIA GUELACE,16.992835364691526,-96.61277779
OAXACA,SANTA MARIA GUIENAGATI,16.73666967121925,-95.35194818
OAXACA,SANTA MARIA HUATULCO,15.796461426472034,-96.22348833
OAXACA,SANTA MARIA HUAZOLOTITLAN,16.208814979796454,-97.92636209
OAXACA,SANTA MARIA IPALAPA,16.614883908426325,-97.99832226
OAXACA,SANTA MARIA IXCATLAN,17.85041621324717,-97.15841518
OAXACA,SANTA MARIA JACATEPEC,17.849852267444458,-96.13157549
OAXACA,SANTA MARIA JALAPA DEL MARQUES,16.51581525,-95.47423418
OAXACA,SANTA MARIA JALTIANGUIS,17.362737776198777,-96.54173476
OAXACA,SANTA MARIA LA ASUNCION,18.103352975933095,-96.81726293
OAXACA,SANTA MARIA LACHIXIO,16.73757095574215,-97.04092846
OAXACA,SANTA MARIA MIXTEQUILLA,16.424693879618445,-95.27546845
OAXACA,SANTA MARIA NATIVITAS,17.646286712175332,-97.332413
OAXACA,SANTA MARIA NDUAYACO,17.407712795909013,-97.50136251
OAXACA,SANTA MARIA OZOLOTEPEC,16.0991212,-96.34926992
OAXACA,SANTA MARIA PAPALO,17.80729373,-96.78377964
OAXACA,SANTA MARIA PENOLES,17.04844086365035,-97.03342984
OAXACA,SANTA MARIA PETAPA,16.88462038892065,-95.07197612
OAXACA,SANTA MARIA QUIEGOLANI,16.30454823657952,-96.05190356
OAXACA,SANTA MARIA SOLA,16.56093423417803,-97.02992481
OAXACA,SANTA MARIA TATALTEPEC,17.13752007013728,-97.39526374
OAXACA,SANTA MARIA TECOMAVACA,17.953561517679308,-97.09895729
OAXACA,SANTA MARIA TEMAXCALAPA,17.378996801256324,-96.15809889
OAXACA,SANTA MARIA TEMAXCALTEPEC,16.16477914241932,-97.18102505
OAXACA,SANTA MARIA TEOPOXCO,18.174203511170155,-96.97158946
OAXACA,SANTA MARIA TEPANTLALI,16.951306711053448,-95.98911681
OAXACA,SANTA MARIA TEXCATITLAN,17.722369486158772,-97.0504942
OAXACA,SANTA MARIA TLAHUITOLTEPEC,17.11428485380808,-96.05367628
OAXACA,SANTA MARIA TLALIXTAC,17.921373442228134,-96.73712224
OAXACA,SANTA MARIA TONAMECA,15.77295561177515,-96.68185632
OAXACA,SANTA MARIA TOTOLAPILLA,16.62292549187181,-95.61526582
OAXACA,SANTA MARIA XADANI,16.36309865875488,-95.02618224
OAXACA,SANTA MARIA YALINA,17.271073840237122,-96.2962949
OAXACA,SANTA MARIA YAVESIA,17.201180462996593,-96.41135865
OAXACA,SANTA MARIA YOLOTEPEC,16.882214162982248,-97.46030904
OAXACA,SANTA MARIA YOSOYUA,17.107440862385374,-97.5000011
OAXACA,SANTA MARIA YUCUHITI,17.035115931577778,-97.80327895
OAXACA,SANTA MARIA ZACATEPEC,16.77871897711371,-97.97374242
OAXACA,SANTA MARIA ZANIZA,16.642764828877915,-97.35910349
OAXACA,SANTA MARIA ZOQUITLAN,16.559043735866414,-96.37040504
OAXACA,SANTIAGO AMOLTEPEC,16.631558222666026,-97.52084469
OAXACA,SANTIAGO APOALA,17.649687153954577,-97.13619286
OAXACA,SANTIAGO APOSTOL,16.796192193353434,-96.72731766
OAXACA,SANTIAGO ASTATA,15.977575970543334,-95.61214826
OAXACA,SANTIAGO ATITLAN,17.09626419629503,-95.92169429
OAXACA,SANTIAGO AYUQUILILLA,17.919504205281658,-97.97432499
OAXACA,SANTIAGO CACALOXTEPEC,17.731101863248924,-97.7344468
OAXACA,SANTIAGO CAMOTLAN,17.527492014416126,-96.16645775
OAXACA,SANTIAGO CHAZUMBA,18.199855585108224,-97.71938724
OAXACA,SANTIAGO CHOAPAM,17.376431777918313,-95.91607467
OAXACA,SANTIAGO COMALTEPEC,17.61592438,-96.39463779
OAXACA,SANTIAGO DEL RIO,17.43083934058209,-98.10138449
OAXACA,SANTIAGO HUAJOLOTITLAN,17.803453657359785,-97.68911086
OAXACA,SANTIAGO HUAUCLILLA,17.48625586,-97.04697481
OAXACA,SANTIAGO IHUITLAN PLUMAS,17.881093138696226,-97.44830364
OAXACA,SANTIAGO IXCUINTEPEC,16.927709520968218,-95.58206814
OAXACA,SANTIAGO IXTAYUTLA,16.538183720283495,-97.69832478
OAXACA,SANTIAGO JAMILTEPEC,16.202270872804462,-97.7851686
OAXACA,SANTIAGO JOCOTEPEC,17.655738240668278,-95.98259358
OAXACA,SANTIAGO JUXTLAHUACA,17.19416676560632,-98.01877467
OAXACA,SANTIAGO LACHIGUIRI,16.773691308569568,-95.52611772
OAXACA,SANTIAGO LALOPA,17.41452600849815,-96.25064614
OAXACA,SANTIAGO LAOLLAGA,16.623113607838246,-95.26114179
OAXACA,SANTIAGO LAXOPA,17.200419465107398,-96.32594456
OAXACA,SANTIAGO LLANO GRANDE,16.485366619116434,-98.2608235
OAXACA,SANTIAGO MATATLAN,16.82978096100103,-96.42274908
OAXACA,SANTIAGO MILTEPEC,17.981738002345516,-97.71956519
OAXACA,SANTIAGO MINAS,16.439544294742763,-97.26634666
OAXACA,SANTIAGO NACALTEPEC,17.523291054753088,-96.91203388
OAXACA,SANTIAGO NEJAPILLA,17.42835531996383,-97.38695177
OAXACA,SANTIAGO NILTEPEC,16.519819106331397,-94.58806951
OAXACA,SANTIAGO NUNDICHE,17.335066740361295,-97.7012952
OAXACA,SANTIAGO NUYOO,17.00647079840408,-97.75979016
OAXACA,SANTIAGO PINOTEPA NACIONAL,16.294091924265388,-98.12089731
OAXACA,SANTIAGO SUCHILQUITONGO,17.231316859977294,-96.91039192
OAXACA,SANTIAGO TAMAZOLA,17.73406793596017,-98.23470396
OAXACA,SANTIAGO TAPEXTLA,16.333103657634204,-98.46597852
OAXACA,SANTIAGO TENANGO,17.289420325125363,-96.99858209
OAXACA,SANTIAGO TEPETLAPA,17.79207546246603,-97.39733696
OAXACA,SANTIAGO TETEPEC,16.341691497086625,-97.67743337
OAXACA,SANTIAGO TEXCALCINGO,18.215126210498706,-96.97874815
OAXACA,SANTIAGO TEXTITLAN,16.72113394811232,-97.3091462
OAXACA,SANTIAGO TILANTONGO,17.210222800965294,-97.35343154
OAXACA,SANTIAGO TILLO,17.467701068448353,-97.31487572
OAXACA,SANTIAGO TLAZOYALTEPEC,17.027130750699794,-96.97125895
OAXACA,SANTIAGO XANICA,16.004525418026883,-96.21860989
OAXACA,SANTIAGO XIACUI,17.27238029,-96.39379789
OAXACA,SANTIAGO YAITEPEC,16.20856372688449,-97.23788971
OAXACA,SANTIAGO YAVEO,17.499268551579075,-95.49063054
OAXACA,SANTIAGO YOLOMECATL,17.469821619113716,-97.57443593
OAXACA,SANTIAGO YOSONDUA,16.850476273621556,-97.53113824
OAXACA,SANTIAGO YUCUYACHI,17.614359218569774,-98.22059886
OAXACA,SANTIAGO ZACATEPEC,17.194245581365475,-95.88493028
OAXACA,SANTIAGO ZOOCHILA,17.21685909980255,-96.25157455
OAXACA,SANTO DOMINGO ALBARRADAS,17.07121654715993,-96.21035647
OAXACA,SANTO DOMINGO ARMENTA,16.32897028116053,-98.3646223
OAXACA,SANTO DOMINGO CHIHUITAN,16.62997946459663,-95.17369373
OAXACA,SANTO DOMINGO DE MORELOS,15.83354671149859,-96.63441347
OAXACA,SANTO DOMINGO INGENIO,16.579605309856177,-94.7315566
OAXACA,SANTO DOMINGO IXCATLAN,16.909085560450464,-97.52394753
OAXACA,SANTO DOMINGO NUXAA,17.173795605735226,-97.06675344
OAXACA,SANTO DOMINGO OZOLOTEPEC,16.175973960905996,-96.31441438
OAXACA,SANTO DOMINGO PETAPA,16.85408273207111,-95.21866665
OAXACA,SANTO DOMINGO ROAYAGA,17.332221771796263,-96.07090666
OAXACA,SANTO DOMINGO TEHUANTEPEC,16.221756256267334,-95.39160712
OAXACA,SANTO DOMINGO TEOJOMULCO,16.57572596428751,-97.2772268
OAXACA,SANTO DOMINGO TEPUXTEPEC,16.93255135371241,-96.07778391
OAXACA,SANTO DOMINGO TLATAYAPAM,17.401798039323797,-97.34051601
OAXACA,SANTO DOMINGO TOMALTEPEC,17.072020249760307,-96.59089333
OAXACA,SANTO DOMINGO TONALA,17.68134747319469,-97.98596278
OAXACA,SANTO DOMINGO TONALTEPEC,17.607266181496886,-97.35338834
OAXACA,SANTO DOMINGO XAGACIA,17.125222049472335,-96.29134589
OAXACA,SANTO DOMINGO YANHUITLAN,17.532967827809806,-97.34822009
OAXACA,SANTO DOMINGO YODOHINO,17.63445759,-97.70072533
OAXACA,SANTO DOMINGO ZANATEPEC,16.464516086763876,-94.33232935
OAXACA,SANTO TOMAS JALIEZA,16.86657365077341,-96.63769047
OAXACA,SANTO TOMAS MAZALTEPEC,17.146868597935747,-96.91193398
OAXACA,SANTO TOMAS OCOTEPEC,17.11442265,-97.78216826
OAXACA,SANTO TOMAS TAMAZULAPAN,16.241830682209415,-96.58043998
OAXACA,SANTOS REYES NOPALA,16.080746691478208,-97.18831678
OAXACA,SANTOS REYES PAPALO,17.7936793,-96.8752636
OAXACA,SANTOS REYES TEPEJILLO,17.42283331825003,-97.95025638
OAXACA,SANTOS REYES YUCUNA,17.77241475309457,-98.00590565
OAXACA,SILACAYOAPAM,17.560746320720032,-98.14392272
OAXACA,SITIO DE XITLAPEHUA,16.360243323576743,-96.53879279
OAXACA,SOLEDAD ETLA,17.160667709929875,-96.82630071
OAXACA,TAMAZULAPAM DEL ESPIRITU SANTO,17.03726413,-96.02215887
OAXACA,TANETZE DE ZARAGOZA,17.384141330197746,-96.2940096
OAXACA,TANICHE,16.571306401310714,-96.7693061
OAXACA,TATALTEPEC DE VALDES,16.309652205514087,-97.53494227
OAXACA,TEOCOCUILCO DE MARCOS PEREZ,17.327756557002182,-96.67069511
OAXACA,TEOTITLAN DE FLORES MAGON,18.10737737696725,-97.11221403
OAXACA,TEOTITLAN DEL VALLE,17.05567209083435,-96.51729369
OAXACA,TEOTONGO,17.74864187013611,-97.53850586
OAXACA,TEPELMEME VILLA DE MORELOS,18.00688344513066,-97.30108849
OAXACA,TLACOLULA DE MATAMOROS,16.873583976842507,-96.35934675
OAXACA,TLACOTEPEC PLUMAS,17.872012996129754,-97.47554143
OAXACA,TLALIXTAC DE CABRERA,17.094132529098935,-96.61638562
OAXACA,TOTONTEPEC VILLA DE MORELOS,17.245024015856067,-96.02112668
OAXACA,TRINIDAD ZAACHILA,16.92951431141931,-96.79236146
OAXACA,UNION HIDALGO,16.487371599846195,-94.82312019
OAXACA,VALERIO TRUJANO,17.765045995327092,-96.98823473
OAXACA,VILLA DE CHILAPA DE DIAZ,17.59383603494268,-97.6380132
OAXACA,VILLA DE ETLA,17.195187517582227,-96.79317983
OAXACA,VILLA DE TAMAZULAPAM DEL PROGRESO,17.690295658871857,-97.58023022
OAXACA,VILLA DE TUTUTEPEC,16.080389470383214,-97.53480709
OAXACA,VILLA DE ZAACHILA,16.949683379603922,-96.76657258
OAXACA,VILLA DIAZ ORDAZ,17.057893375998788,-96.38019696
OAXACA,VILLA HIDALGO,17.181166890505256,-96.16018356
OAXACA,VILLA SOLA DE VEGA,16.513211219454366,-97.05817961
OAXACA,VILLA TALEA DE CASTRO,17.367393236104693,-96.23183725
OAXACA,VILLA TEJUPAM DE LA UNION,17.666202891161788,-97.46375568
OAXACA,YAXE,16.708647459844517,-96.44799505
OAXACA,YOGANA,16.44235483,-96.79781903
OAXACA,YUTANDUCHI DE GUERRERO,17.077314986778212,-97.29644017
OAXACA,ZAPOTITLAN LAGUNAS,17.776172142230276,-98.39696145
OAXACA,ZAPOTITLAN PALMAS,17.882511281833303,-97.83488831
OAXACA,ZIMATLAN DE ALVAREZ,16.78024514800388,-97.03469362
PUEBLA,ACAJETE,19.103301309456043,-97.93982642
PUEBLA,ACATENO,20.109153513181344,-97.22980413
PUEBLA,ACATLAN,18.15893293746756,-98.1064026
PUEBLA,ACATZINGO,19.026110940333183,-97.76498324
PUEBLA,ACTEOPAN,18.75938935556417,-98.67908978
PUEBLA,AHUACATLAN,20.026950655415366,-97.86768292
PUEBLA,AHUATLAN,18.575655959796002,-98.28281092
PUEBLA,AHUAZOTEPEC,20.061163577109316,-98.13362286
PUEBLA,AHUEHUETITLA,18.23129332181234,-98.19111737
PUEBLA,AJALPAN,18.421566574469747,-97.1256111
PUEBLA,ALBINO ZERTUCHE,18.010694280078592,-98.54710583
PUEBLA,ALJOJUCA,19.102599224037515,-97.517423
PUEBLA,ALTEPEXI,18.35634421693209,-97.30036858
PUEBLA,AMIXTLAN,20.055814345008578,-97.80068157
PUEBLA,AMOZOC,19.047276251616363,-98.05310784
PUEBLA,AQUIXTLA,19.772287895810404,-97.93024253
PUEBLA,ATEMPAN,19.811678292184173,-97.44090571
PUEBLA,ATEXCAL,18.37557261454786,-97.6900814
PUEBLA,ATLEQUIZAYAN,20.014686909495115,-97.62733464
PUEBLA,ATLIXCO,18.899069913226512,-98.45229219
PUEBLA,ATOYATEMPAN,18.806013705780742,-97.90907449
PUEBLA,ATZALA,18.54704389727622,-98.54171637
PUEBLA,ATZITZIHUACAN,18.823080451385636,-98.60777209
PUEBLA,ATZITZINTLA,18.933788399938482,-97.30398938
PUEBLA,AXUTLA,18.18468334676603,-98.39350835
PUEBLA,AYOTOXCO DE GUERRERO,20.083989861138797,-97.40878099
PUEBLA,CALPAN,19.10644152579802,-98.47621913
PUEBLA,CALTEPEC,18.142686817290695,-97.48684163
PUEBLA,CAMOCUAUTLA,20.030827939265198,-97.75294701
PUEBLA,CANADA MORELOS,18.733157446930953,-97.42812562
PUEBLA,CAXHUACAN,20.073491943580915,-97.6063013
PUEBLA,CHALCHICOMULA DE SESMA,18.97734204239232,-97.42970984
PUEBLA,CHAPULCO,18.63964054327062,-97.40363987
PUEBLA,CHIAUTLA,18.27649589273306,-98.60061967
PUEBLA,CHIAUTZINGO,19.195602261560236,-98.51334297
PUEBLA,CHICHIQUILA,19.20472403641552,-97.07008616
PUEBLA,CHICONCUAUTLA,20.08875464117451,-97.96598298
PUEBLA,CHIETLA,18.510367193056904,-98.62590949
PUEBLA,CHIGMECATITLAN,18.64879580766871,-98.05934889
PUEBLA,CHIGNAHUAPAN,19.821021875057323,-98.13474367
PUEBLA,CHIGNAUTLA,19.735559007972583,-97.43655728
PUEBLA,CHILA,17.96024748063652,-97.87923883
PUEBLA,CHILA DE LA SAL,18.13955578637734,-98.47000981
PUEBLA,CHILCHOTLA,19.25827205057591,-97.21356386
PUEBLA,CHINANTLA,18.23293093876199,-98.27958708
PUEBLA,COATEPEC,20.055152694962135,-97.73105073
PUEBLA,COATZINGO,18.571165865964677,-98.16492281
PUEBLA,COHETZALA,18.19049285241653,-98.78853181
PUEBLA,COHUECAN,18.74581890671954,-98.71820516
PUEBLA,CORONANGO,19.135234744571694,-98.29174546
PUEBLA,COXCATLAN,18.245593590929627,-97.11723317
PUEBLA,COYOMEAPAN,18.282349915183012,-96.96594231
PUEBLA,COYOTEPEC,18.401325058869812,-97.81295424
PUEBLA,CUAPIAXTLA DE MADERO,18.920186889158412,-97.82637517
PUEBLA,CUAUTEMPAN,19.913570206908016,-97.79212747
PUEBLA,CUAUTINCHAN,18.96164735978772,-98.04510325
PUEBLA,CUAUTLANCINGO,19.116717717966317,-98.25607681
PUEBLA,CUAYUCA DE ANDRADE,18.445666334999103,-98.18898924
PUEBLA,CUETZALAN DEL PROGRESO,20.027983456647856,-97.50058148
PUEBLA,CUYOACO,19.596660144947784,-97.57325921
PUEBLA,DOMINGO ARENAS,19.132165280402287,-98.44114031
PUEBLA,ELOXOCHITLAN,18.506780930004552,-96.92670138
PUEBLA,EPATLAN,18.615590969481538,-98.37626252
PUEBLA,ESPERANZA,18.859032055085894,-97.3646252
PUEBLA,FRANCISCO Z. MENA,20.71053503112128,-97.81316187
PUEBLA,GENERAL FELIPE ANGELES,19.020718581755418,-97.66751244
PUEBLA,GUADALUPE,18.048380117771046,-98.1511474
PUEBLA,GUADALUPE VICTORIA,19.316415520012956,-97.38013407
PUEBLA,HERMENEGILDO GALEANA,20.11676429458351,-97.73118241
PUEBLA,HONEY,20.26015974687413,-98.23887754
PUEBLA,HUAQUECHULA,18.76928624864492,-98.51717405
PUEBLA,HUATLATLAUCA,18.68378749840278,-98.06784484
PUEBLA,HUAUCHINANGO,20.166211414173013,-98.05173534
PUEBLA,HUEHUETLA,20.101530127578847,-97.61947126
PUEBLA,HUEHUETLAN EL CHICO,18.377051066194376,-98.73040089
PUEBLA,HUEHUETLAN EL GRANDE,18.757176199031843,-98.15696493
PUEBLA,HUEJOTZINGO,19.167120351286957,-98.44877906
PUEBLA,HUEYAPAN,19.921830051054133,-97.40112949
PUEBLA,HUEYTAMALCO,20.030606132594688,-97.3101679
PUEBLA,HUEYTLALPAN,20.04315228825301,-97.68416059
PUEBLA,HUITZILAN DE SERDAN,19.943748446319947,-97.7133002
PUEBLA,HUITZILTEPEC,18.766929309017975,-97.85963231
PUEBLA,IXCAMILPA DE GUERRERO,18.03444321847174,-98.71231873
PUEBLA,IXCAQUIXTLA,18.481657695638116,-97.83349408
PUEBLA,IXTACAMAXTITLAN,19.624045935265645,-97.85829545
PUEBLA,IXTEPEC,20.040640633836357,-97.64144455
PUEBLA,IZUCAR DE MATAMOROS,18.501915884018665,-98.44701034
PUEBLA,JALPAN,20.456147630512625,-97.8759472
PUEBLA,JOLALPAN,18.30719688037948,-98.91566224
PUEBLA,JONOTLA,20.078676298534813,-97.52648101
PUEBLA,JOPALA,20.206400259087367,-97.77797878
PUEBLA,JUAN C. BONILLA,19.119326499276074,-98.34546072
PUEBLA,JUAN GALINDO,20.223697816688706,-97.99658592
PUEBLA,JUAN N. MENDEZ,18.53209084035922,-97.73987847
PUEBLA,LA MAGDALENA TLATLAUQUITEPEC,18.741823264410744,-98.10248941
PUEBLA,LAFRAGUA,19.281104126719683,-97.29372226
PUEBLA,LIBRES,19.469154466326525,-97.67613533
PUEBLA,LOS REYES DE JUAREZ,18.962435181574417,-97.8239024
PUEBLA,MAZAPILTEPEC DE JUAREZ,19.15112317618766,-97.69200708
PUEBLA,MIXTLA,18.907724925168516,-97.89170639
PUEBLA,MOLCAXAC,18.668615060936354,-97.86980516
PUEBLA,NAUPAN,20.245273040048254,-98.10286098
PUEBLA,NAUZONTLA,19.963073505413142,-97.58898662
PUEBLA,NEALTICAN,19.061201635506738,-98.44711673
PUEBLA,NICOLAS BRAVO,18.627518756494183,-97.33753747
PUEBLA,NOPALUCAN,19.190616212594136,-97.83330118
PUEBLA,OCOTEPEC,19.555519149328255,-97.6738197
PUEBLA,OCOYUCAN,18.931667166809852,-98.31913555
PUEBLA,OLINTLA,20.11242735974135,-97.67181812
PUEBLA,ORIENTAL,19.326498606259314,-97.58343657
PUEBLA,PAHUATLAN,20.29327055112582,-98.13736645
PUEBLA,PALMAR DE BRAVO,18.83500600183147,-97.53557658
PUEBLA,PANTEPEC,20.554907022556307,-97.87682617
PUEBLA,PETLALCINGO,18.06911923,-97.91587977
PUEBLA,PIAXTLA,18.11397480778294,-98.27075126
PUEBLA,PUEBLA,19.008620130403397,-98.17553518
PUEBLA,QUECHOLAC,18.94815780890648,-97.63447059
PUEBLA,QUIMIXTLAN,19.253735537820834,-97.11338558
PUEBLA,RAFAEL LARA GRAJALES,19.247941372587878,-97.81652558
PUEBLA,SAN ANDRES CHOLULA,19.02361688662043,-98.2932434
PUEBLA,SAN ANTONIO CANADA,18.49700918268371,-97.27368691
PUEBLA,SAN DIEGO LA MESA TOCHIMILTZINGO,18.76741435191842,-98.33586271
PUEBLA,SAN FELIPE TEOTLALCINGO,19.23151849,-98.52594032
PUEBLA,SAN FELIPE TEPATLAN,20.11152203920676,-97.78676016
PUEBLA,SAN GABRIEL CHILAC,18.318130237762183,-97.3839688
PUEBLA,SAN GREGORIO ATZOMPA,19.01049019325913,-98.3456193
PUEBLA,SAN JERONIMO TECUANIPAN,19.034921420916728,-98.39375169
PUEBLA,SAN JERONIMO XAYACATLAN,18.198498957531232,-97.92168662
PUEBLA,SAN JOSE CHIAPA,19.254674600655406,-97.72857107
PUEBLA,SAN JOSE MIAHUATLAN,18.228870624357427,-97.29006663
PUEBLA,SAN JUAN ATENCO,19.04706886595356,-97.55189065
PUEBLA,SAN JUAN ATZOMPA,18.744804141457514,-98.03048699
PUEBLA,SAN MARTIN TEXMELUCAN,19.268956420968102,-98.42851299
PUEBLA,SAN MARTIN TOTOLTEPEC,18.657722563592802,-98.35524109
PUEBLA,SAN MATIAS TLALANCALECA,19.346650702406397,-98.50282234
PUEBLA,SAN MIGUEL IXITLAN,18.011919203914378,-97.76988542
PUEBLA,SAN MIGUEL XOXTLA,19.17266375414338,-98.3064453
PUEBLA,SAN NICOLAS BUENOS AIRES,19.22309639242326,-97.49749579
PUEBLA,SAN NICOLAS DE LOS RANCHOS,19.07942555981521,-98.56693124
PUEBLA,SAN PABLO ANICANO,18.141935161444803,-98.1389354
PUEBLA,SAN PEDRO CHOLULA,19.072963662870738,-98.34313061
PUEBLA,SAN PEDRO YELOIXTLAHUACA,18.040669365231505,-98.04403695
PUEBLA,SAN SALVADOR EL SECO,19.153945483376514,-97.61391707
PUEBLA,SAN SALVADOR EL VERDE,19.24458617599932,-98.5613383
PUEBLA,SAN SALVADOR HUIXCOLOTLA,18.926517107051833,-97.77233329
PUEBLA,SAN SEBASTIAN TLACOTEPEC,18.379583252439993,-96.82880254
PUEBLA,SANTA CATARINA TLALTEMPAN,18.61590044919221,-98.07913849
PUEBLA,SANTA INES AHUATEMPAN,18.403297171028072,-98.04927181
PUEBLA,SANTA ISABEL CHOLULA,18.974832622222277,-98.38531851
PUEBLA,SANTIAGO MIAHUATLAN,18.55545776,-97.42486597
PUEBLA,SANTO TOMAS HUEYOTLIPAN,18.887516060530015,-97.86522078
PUEBLA,SOLTEPEC,19.12066002461236,-97.74609257
PUEBLA,TECALI DE HERRERA,18.887004527066274,-97.96822819
PUEBLA,TECAMACHALCO,18.85930268391117,-97.73122031
PUEBLA,TECOMATLAN,18.052903389357944,-98.3143356
PUEBLA,TEHUACAN,18.461287651622296,-97.44508377
PUEBLA,TEHUITZINGO,18.353190173812212,-98.30395121
PUEBLA,TENAMPULCO,20.18920340079842,-97.40160479
PUEBLA,TEOPANTLAN,18.729464478730407,-98.25059785
PUEBLA,TEOTLALCO,18.450458373175206,-98.83874044
PUEBLA,TEPANCO DE LOPEZ,18.553896259583848,-97.54301562
PUEBLA,TEPANGO DE RODRIGUEZ,20.00845755624071,-97.78432776
PUEBLA,TEPATLAXCO DE HIDALGO,19.14522372417174,-98.00360119
PUEBLA,TEPEACA,19.011928943258873,-97.87616382
PUEBLA,TEPEMAXALCO,18.73975470197693,-98.63294046
PUEBLA,TEPEOJUMA,18.72177251274529,-98.43127478
PUEBLA,TEPETZINTLA,19.94949040981571,-97.85304313
PUEBLA,TEPEXCO,18.646317310086076,-98.65400054
PUEBLA,TEPEXI DE RODRIGUEZ,18.49674862498726,-97.93733911
PUEBLA,TEPEYAHUALCO,19.479608063509033,-97.463275
PUEBLA,TEPEYAHUALCO DE CUAUHTEMOC,18.80631215642946,-97.86667947
PUEBLA,TETELA DE OCAMPO,19.818211058180538,-97.78573372
PUEBLA,TETELES DE AVILA CASTILLO,19.85437095770959,-97.44936339
PUEBLA,TEZIUTLAN,19.86380579,-97.35857551
PUEBLA,TIANGUISMANALCO,19.00018565036452,-98.47914559
PUEBLA,TILAPA,18.61430198883852,-98.54199094
PUEBLA,TLACHICHUCA,19.13358951390165,-97.35208893
PUEBLA,TLACOTEPEC DE BENITO JUAREZ,18.65564255213398,-97.6288842
PUEBLA,TLACUILOTEPEC,20.37774285984694,-97.99619802
PUEBLA,TLAHUAPAN,19.362282990523813,-98.58532173
PUEBLA,TLALTENANGO,19.15649691962282,-98.34284211
PUEBLA,TLANEPANTLA,18.857010128600628,-97.88532078
PUEBLA,TLAOLA,20.167309327984608,-97.90980922
PUEBLA,TLAPACOYA,20.12982414727899,-97.83827923
PUEBLA,TLAPANALA,18.689964598616868,-98.53619713
PUEBLA,TLATLAUQUITEPEC,19.84214084974865,-97.49934788
PUEBLA,TLAXCO,20.39982707277811,-98.04887213
PUEBLA,TOCHIMILCO,18.922467490960877,-98.61220578
PUEBLA,TOCHTEPEC,18.828451016749916,-97.8212
PUEBLA,TOTOLTEPEC DE GUERRERO,18.291539575741325,-97.84804665
PUEBLA,TULCINGO,17.975077859544715,-98.39755934
PUEBLA,TUZAMAPAN DE GALEANA,20.10381551082517,-97.5305825
PUEBLA,TZICATLACOYAN,18.816196370055653,-98.04173543
PUEBLA,VENUSTIANO CARRANZA,20.508350835645526,-97.68724406
PUEBLA,VICENTE GUERRERO,18.530349102554172,-97.18206461
PUEBLA,XAYACATLAN DE BRAVO,18.278250459821507,-97.94651501
PUEBLA,XICOTEPEC,20.326617948903586,-97.90262658
PUEBLA,XICOTLAN,18.095633676812536,-98.60058101
PUEBLA,XIUTETELCO,19.722535768078178,-97.35991993
PUEBLA,XOCHIAPULCO,19.847951899434843,-97.64678338
PUEBLA,XOCHILTEPEC,18.65810027995567,-98.33696278
PUEBLA,XOCHITLAN DE VICENTE SUAREZ,19.938885973519337,-97.65361312
PUEBLA,XOCHITLAN TODOS SANTOS,18.695805823419324,-97.77793116
PUEBLA,YAONAHUAC,19.919620060133695,-97.44247686
PUEBLA,YEHUALTEPEC,18.76752070821474,-97.67810572
PUEBLA,ZACAPALA,18.58008418939914,-98.05248294
PUEBLA,ZACAPOAXTLA,19.854369730886926,-97.58127268
PUEBLA,ZACATLAN,19.964919888719926,-97.99901149
PUEBLA,ZAPOTITLAN,18.277417287624516,-97.52189928
PUEBLA,ZAPOTITLAN DE MENDEZ,20.004150423125836,-97.69260901
PUEBLA,ZARAGOZA,19.74726107138131,-97.56857217
PUEBLA,ZAUTLA,19.714298034286585,-97.68268746
PUEBLA,ZIHUATEUTLA,20.299097100783825,-97.79829523
PUEBLA,ZINACATEPEC,18.327437793963714,-97.2224726
PUEBLA,ZONGOZOTLA,19.976540514881883,-97.76052386
PUEBLA,ZOQUIAPAN,20.033368641603698,-97.5668515
PUEBLA,ZOQUITLAN,18.377112118074486,-96.9786686
QUERETARO,AMEALCO DE BONFIL,20.174910468832906,-100.0986327
QUERETARO,ARROYO SECO,21.409238588704817,-99.63560433
QUERETARO,CADEREYTA DE MONTES,20.791384730721813,-99.65702606
QUERETARO,COLON,20.758267155177887,-100.1005707
QUERETARO,CORREGIDORA,20.48544207109907,-100.4410749
QUERETARO,EL MARQUES,20.720228286124794,-100.2786175
QUERETARO,EZEQUIEL MONTES,20.649282617154174,-99.86668859
QUERETARO,HUIMILPAN,20.403843761182774,-100.3142129
QUERETARO,JALPAN DE SERRA,21.374572771430543,-99.33159051
QUERETARO,LANDA DE MATAMOROS,21.257685677441813,-99.19182538
QUERETARO,PEDRO ESCOBEDO,20.47195781771486,-100.1724274
QUERETARO,PENAMILLER,21.09766843606756,-99.82995006
QUERETARO,PINAL DE AMOLES,21.14174184999637,-99.59268801
QUERETARO,QUERETARO,20.728805573979646,-100.4527103
QUERETARO,SAN JOAQUIN,20.98266530045314,-99.5207612
QUERETARO,SAN JUAN DEL RIO,20.36891153348797,-100.0003799
QUERETARO,TEQUISQUIAPAN,20.55117297580707,-99.95256398
QUERETARO,TOLIMAN,20.917961826842042,-99.93444003
QUINTANA ROO,BACALAR,18.975619611433725,-88.53133062
QUINTANA ROO,BENITO JUAREZ,21.01235531086571,-87.04696693
QUINTANA ROO,COZUMEL,20.444776599359333,-86.908548
QUINTANA ROO,FELIPE CARRILLO PUERTO,19.66835629783906,-88.06123074
QUINTANA ROO,ISLA MUJERES,21.369153716098456,-86.99928249
QUINTANA ROO,JOSE MARIA MORELOS,19.64080980742029,-88.8175326
QUINTANA ROO,LAZARO CARDENAS,21.057363121122965,-87.39924657
QUINTANA ROO,OTHON P. BLANCO,18.510882395735297,-88.53398099
QUINTANA ROO,SOLIDARIDAD,20.586969095007603,-87.39782324
QUINTANA ROO,TULUM,20.30846646177062,-87.66873991
SAN LUIS POTOSI,AHUALULCO,22.45053295381165,-101.253311
SAN LUIS POTOSI,ALAQUINES,22.099925902719065,-99.61950453
SAN LUIS POTOSI,AQUISMON,21.723623986727763,-99.11195949
SAN LUIS POTOSI,ARMADILLO DE LOS INFANTE,22.269606181905164,-100.6378286
SAN LUIS POTOSI,AXTLA DE TERRAZAS,21.426180365690918,-98.86921307
SAN LUIS POTOSI,CARDENAS,21.990523840629482,-99.67599288
SAN LUIS POTOSI,CATORCE,23.64549802194138,-101.0565151
SAN LUIS POTOSI,CEDRAL,23.930354327092314,-100.6737464
SAN LUIS POTOSI,CERRITOS,22.44478376140919,-100.2773366
SAN LUIS POTOSI,CERRO DE SAN PEDRO,22.192475860063098,-100.7777638
SAN LUIS POTOSI,CHARCAS,23.21913784194101,-101.1213773
SAN LUIS POTOSI,CIUDAD DEL MAIZ,22.43914506106442,-99.71753179
SAN LUIS POTOSI,CIUDAD FERNANDEZ,22.015808627873742,-100.2115827
SAN LUIS POTOSI,CIUDAD VALLES,22.10739255821954,-99.06316081
SAN LUIS POTOSI,COXCATLAN,21.51498959304118,-98.90582676
SAN LUIS POTOSI,EBANO,22.20422650374711,-98.51421755
SAN LUIS POTOSI,EL NARANJO,22.490104108396288,-99.36599121
SAN LUIS POTOSI,GUADALCAZAR,22.866529430367954,-100.3037137
SAN LUIS POTOSI,HUEHUETLAN,21.52600651521532,-98.98318422
SAN LUIS POTOSI,LAGUNILLAS,21.614933399386935,-99.60949677
SAN LUIS POTOSI,MATEHUALA,23.513362668412007,-100.5872687
SAN LUIS POTOSI,MATLAPA,21.329332621041083,-98.83735472
SAN LUIS POTOSI,MEXQUITIC DE CARMONA,22.259043300577435,-101.1566926
SAN LUIS POTOSI,MOCTEZUMA,22.733350456774723,-101.1710738
SAN LUIS POTOSI,RAYON,21.824095422160617,-99.61680884
SAN LUIS POTOSI,RIOVERDE,21.96192843260183,-100.0345197
SAN LUIS POTOSI,SALINAS,22.798116278112943,-101.6291418
SAN LUIS POTOSI,SAN ANTONIO,21.62920969071682,-98.84153517
SAN LUIS POTOSI,SAN CIRO DE ACOSTA,21.576145270268622,-99.8955838
SAN LUIS POTOSI,SAN LUIS POTOSI,22.270478961663322,-100.9608884
SAN LUIS POTOSI,SAN MARTIN CHALCHICUAUTLA,21.39978665291367,-98.61950357
SAN LUIS POTOSI,SAN NICOLAS TOLENTINO,22.169511978485687,-100.457769
SAN LUIS POTOSI,SAN VICENTE TANCUAYALAB,21.799793730456354,-98.59785453
SAN LUIS POTOSI,SANTA CATARINA,21.588553585914468,-99.40602609
SAN LUIS POTOSI,SANTA MARIA DEL RIO,21.76797670609127,-100.5542327
SAN LUIS POTOSI,SANTO DOMINGO,23.349619594598582,-101.6811118
SAN LUIS POTOSI,SOLEDAD DE GRACIANO SANCHEZ,22.271626162718572,-100.8551314
SAN LUIS POTOSI,TAMASOPO,21.933150166715972,-99.35609774
SAN LUIS POTOSI,TAMAZUNCHALE,21.24130694467596,-98.78471997
SAN LUIS POTOSI,TAMPACAN,21.417651658567184,-98.74574175
SAN LUIS POTOSI,TAMPAMOLON CORONA,21.554579332296434,-98.77065974
SAN LUIS POTOSI,TAMUIN,22.09361960255301,-98.73532951
SAN LUIS POTOSI,TANCANHUITZ,21.63166129178032,-98.95970283
SAN LUIS POTOSI,TANLAJAS,21.72279292835527,-98.82610186
SAN LUIS POTOSI,TANQUIAN DE ESCOBEDO,21.607288569134166,-98.6647239
SAN LUIS POTOSI,TIERRA NUEVA,21.664237500095375,-100.4974204
SAN LUIS POTOSI,VANEGAS,24.110522680330277,-100.9140585
SAN LUIS POTOSI,VENADO,22.92513540896535,-101.0951226
SAN LUIS POTOSI,VILLA DE ARISTA,22.65993096689518,-100.8043875
SAN LUIS POTOSI,VILLA DE ARRIAGA,21.96861915748908,-101.2731529
SAN LUIS POTOSI,VILLA DE GUADALUPE,23.212679357844483,-100.7175693
SAN LUIS POTOSI,VILLA DE LA PAZ,23.664919949000097,-100.7568708
SAN LUIS POTOSI,VILLA DE RAMOS,22.932417502588105,-101.916313
SAN LUIS POTOSI,VILLA DE REYES,21.851761877679262,-100.9815357
SAN LUIS POTOSI,VILLA HIDALGO,22.64076356835577,-100.6734083
SAN LUIS POTOSI,VILLA JUAREZ,22.289232304284468,-100.1973454
SAN LUIS POTOSI,XILITLA,21.385886968996946,-99.02540542
SAN LUIS POTOSI,ZARAGOZA,22.008173516410615,-100.6767205
SINALOA,AHOME,25.916775746719118,-109.1288971
SINALOA,ANGOSTURA,25.17914953375849,-108.1299989
SINALOA,BADIRAGUATO,25.590854713112652,-107.3959647
SINALOA,CHOIX,26.68030641278204,-108.2770417
SINALOA,CONCORDIA,23.41416865724551,-105.9917878
SINALOA,COSALA,24.481483758749867,-106.7994351
SINALOA,CULIACAN,24.662580200045753,-107.2594521
SINALOA,EL FUERTE,26.25532099443112,-108.6789972
SINALOA,ELOTA,24.04366197746543,-106.840831
SINALOA,ESCUINAPA,22.724294146607612,-105.685655
SINALOA,GUASAVE,25.542019197280656,-108.5368616
SINALOA,MAZATLAN,23.46985099,-106.3054794
SINALOA,MOCORITO,25.359920942488202,-107.7795865
SINALOA,NAVOLATO,24.739972651802297,-107.7606559
SINALOA,ROSARIO,23.05625548032143,-105.8051735
SINALOA,SALVADOR ALVARADO,25.418455039615857,-108.0760495
SINALOA,SAN IGNACIO,23.954698014304462,-106.3699528
SINALOA,SINALOA,25.96878979448946,-108.1103204
SONORA,ACONCHI,29.79621737,-110.222371
SONORA,AGUA PRIETA,31.104423510687848,-109.1974435
SONORA,ALAMOS,27.05105854,-108.8769671
SONORA,ALTAR,31.175635381134228,-111.9249248
SONORA,ARIVECHI,28.872812725403392,-109.0504402
SONORA,ARIZPE,30.410894163720744,-110.1893112
SONORA,ATIL,30.816015617575605,-111.544905
SONORA,BACADEHUACHI,29.845341425263804,-109.0876886
SONORA,BACANORA,28.892996273721483,-109.3856249
SONORA,BACERAC,30.310319712999394,-108.8197532
SONORA,BACOACHI,30.669708050897466,-109.9790907
SONORA,BACUM,27.744448209073507,-110.1591451
SONORA,BANAMICHI,30.061010297792997,-110.2732719
SONORA,BAVIACORA,29.62461998052002,-110.1198071
SONORA,BAVISPE,30.61782092,-109.0064864
SONORA,BENITO JUAREZ,27.11288078628533,-109.8398676
SONORA,BENJAMIN HILL,30.170224090201966,-111.2114093
SONORA,CABORCA,30.82473351,-112.5395599
SONORA,CAJEME,27.796132247612753,-109.8861691
SONORA,CANANEA,30.98846022170164,-110.23532
SONORA,CARBO,29.719583622961512,-111.0722845
SONORA,CUCURPE,30.411537663118725,-110.6305796
SONORA,CUMPAS,30.06740331152907,-109.8099456
SONORA,DIVISADEROS,29.615407645172816,-109.3768107
SONORA,EMPALME,28.00851883692283,-110.6687104
SONORA,ETCHOJOA,27.01575590495485,-109.6845927
SONORA,FRONTERAS,30.848517724839372,-109.6479104
SONORA,GENERAL PLUTARCO ELIAS CALLES,31.719613884365444,-112.9088643
SONORA,GRANADOS,29.76113888086421,-109.312385
SONORA,GUAYMAS,28.144730114952168,-110.6259445
SONORA,HERMOSILLO,29.024214178724943,-111.472654
SONORA,HUACHINERA,30.123136477347828,-108.9153445
SONORA,HUASABAS,29.975508779212486,-109.3814121
SONORA,HUATABAMPO,26.65931937594663,-109.4099221
SONORA,HUEPAC,29.930310253401558,-110.2451735
SONORA,IMURIS,30.84734102648281,-110.7457822
SONORA,LA COLORADA,28.724311968452742,-110.3826953
SONORA,MAGDALENA,30.7313829,-111.021441
SONORA,MAZATAN,28.960071617580393,-110.2096438
SONORA,MOCTEZUMA,29.72855623318339,-109.7237914
SONORA,NACO,31.22945518418881,-109.9571379
SONORA,NACORI CHICO,29.63527400116965,-108.8520099
SONORA,NACOZARI DE GARCIA,30.486740439314847,-109.4799158
SONORA,NAVOJOA,27.078101460946712,-109.4027334
SONORA,NOGALES,31.198641049410263,-111.0025603
SONORA,ONAVAS,28.457298294422888,-109.4921083
SONORA,OPODEPE,30.029230586882548,-110.8204791
SONORA,OQUITOA,30.761600223028505,-111.6553462
SONORA,PITIQUITO,29.95209468343942,-112.0938256
SONORA,PUERTO PENASCO,31.529376094022773,-113.2926571
SONORA,QUIRIEGO,27.57898602190384,-109.3648735
SONORA,RAYON,29.753532001381934,-110.5449796
SONORA,ROSARIO,28.032605766788233,-109.3184289
SONORA,SAHUARIPA,29.01000361383787,-108.9941007
SONORA,SAN FELIPE DE JESUS,29.87643273206411,-110.329362
SONORA,SAN IGNACIO RIO MUERTO,27.360376523628684,-110.3424726
SONORA,SAN JAVIER,28.609534827173754,-109.7586964
SONORA,SAN LUIS RIO COLORADO,32.01694247365255,-114.3512145
SONORA,SAN MIGUEL DE HORCASITAS,29.463016860519165,-110.7986401
SONORA,SAN PEDRO DE LA CUEVA,29.265797654479133,-109.6711448
SONORA,SANTA ANA,30.451639696724527,-111.0589858
SONORA,SANTA CRUZ,31.192023363894346,-110.5488114
SONORA,SARIC,31.281263046404806,-111.4540219
SONORA,SOYOPA,28.789774893705868,-109.6116908
SONORA,SUAQUI GRANDE,28.391627552834215,-109.8865288
SONORA,TEPACHE,29.472230469560003,-109.5279342
SONORA,TRINCHERAS,30.31206263814321,-111.581574
SONORA,TUBUTAMA,30.92133455001196,-111.4028293
SONORA,URES,29.342168757320653,-110.329199
SONORA,VILLA HIDALGO,30.2341848,-109.3338342
SONORA,VILLA PESQUEIRA,29.08680698634121,-109.9705855
SONORA,YECORA,28.41983450897226,-108.9652483
TABASCO,BALANCAN,17.804849543290576,-91.31173365
TABASCO,CARDENAS,18.157246011437053,-93.64027395
TABASCO,CENTLA,18.36009683511605,-92.58545864
TABASCO,CENTRO,18.009012519289943,-92.86032299
TABASCO,COMALCALCO,18.28692895469109,-93.33669765
TABASCO,CUNDUACAN,18.07655050593466,-93.22061576
TABASCO,EMILIANO ZAPATA,17.705123650789513,-91.6757826
TABASCO,HUIMANGUILLO,17.82652311,-93.69970437
TABASCO,JALAPA,17.763585497740532,-92.78702232
TABASCO,JALPA DE MENDEZ,18.213267849825716,-93.08387791
TABASCO,JONUTA,18.079047877944102,-92.14325151
TABASCO,MACUSPANA,17.845085588776126,-92.45865203
TABASCO,NACAJUCA,18.187950449051634,-92.94860802
TABASCO,PARAISO,18.37867537537968,-93.21409475
TABASCO,TACOTALPA,17.528232104393773,-92.73260346
TABASCO,TEAPA,17.62330665,-92.95237537
TABASCO,TENOSIQUE,17.426389705732003,-91.29358055
TAMAULIPAS,ABASOLO,24.13398852703932,-98.26829151
TAMAULIPAS,ALDAMA,23.00970550834039,-98.04068271
TAMAULIPAS,ALTAMIRA,22.542109506248433,-98.08285902
TAMAULIPAS,ANTIGUO MORELOS,22.562307143743773,-99.07977604
TAMAULIPAS,BURGOS,24.92857866,-98.84645748
TAMAULIPAS,BUSTAMANTE,23.32679750630468,-99.87267889
TAMAULIPAS,CAMARGO,26.183570009006424,-98.85909903
TAMAULIPAS,CASAS,23.53941102666329,-98.61642332
TAMAULIPAS,CIUDAD MADERO,22.280361057162857,-97.82924302
TAMAULIPAS,CRUILLAS,24.6285715,-98.44012657
TAMAULIPAS,EL MANTE,22.571848371985276,-98.83319205
TAMAULIPAS,GOMEZ FARIAS,23.006697760622252,-99.17851553
TAMAULIPAS,GONZALEZ,22.78642915502812,-98.55448688
TAMAULIPAS,GUEMEZ,23.885476906739637,-99.08670708
TAMAULIPAS,GUERRERO,26.90418691882062,-99.48297195
TAMAULIPAS,GUSTAVO DIAZ ORDAZ,26.136299051275188,-98.64126397
TAMAULIPAS,HIDALGO,24.195538580382497,-99.3805184
TAMAULIPAS,JAUMAVE,23.478425779826825,-99.41265851
TAMAULIPAS,JIMENEZ,24.262281453382595,-98.52027397
TAMAULIPAS,LLERA,23.27202415107058,-98.85736887
TAMAULIPAS,MAINERO,24.587929975773218,-99.56442796
TAMAULIPAS,MATAMOROS,25.666368983926677,-97.53835672
TAMAULIPAS,MENDEZ,25.223759934387818,-98.44003787
TAMAULIPAS,MIER,26.41507731106511,-99.25689434
TAMAULIPAS,MIGUEL ALEMAN,26.238561574780505,-99.06738004
TAMAULIPAS,MIQUIHUANA,23.619121262815483,-99.77391426
TAMAULIPAS,NUEVO LAREDO,27.475775379945887,-99.67384428
TAMAULIPAS,NUEVO MORELOS,22.507536380465748,-99.20404153
TAMAULIPAS,OCAMPO,22.829799170484833,-99.33585521
TAMAULIPAS,PADILLA,24.022607432969004,-98.84612144
TAMAULIPAS,PALMILLAS,23.271775921846462,-99.56529333
TAMAULIPAS,REYNOSA,25.810135444531486,-98.37336215
TAMAULIPAS,RIO BRAVO,25.744382492030457,-98.03784503
TAMAULIPAS,SAN CARLOS,24.475848590126834,-98.97581755
TAMAULIPAS,SAN FERNANDO,24.898041289345652,-98.00384787
TAMAULIPAS,SAN NICOLAS,24.631955746028247,-98.76966941
TAMAULIPAS,SOTO LA MARINA,23.76606561418436,-98.05134798
TAMAULIPAS,TAMPICO,22.279176241044315,-97.90165811
TAMAULIPAS,TULA,22.93989341,-99.77626215
TAMAULIPAS,VALLE HERMOSO,25.700681835540543,-97.84479651
TAMAULIPAS,VICTORIA,23.697019480589933,-99.16665096
TAMAULIPAS,VILLAGRAN,24.56059055056559,-99.36003268
TAMAULIPAS,XICOTENCATL,23.00570978755828,-98.93151568
TLAXCALA,ACUAMANALA DE MIGUEL HIDALGO,19.216873349725383,-98.17051525
TLAXCALA,AMAXAC DE GUERRERO,19.362070538763813,-98.18152339
TLAXCALA,APETATITLAN DE ANTONIO CARVAJAL,19.351504005539372,-98.19468083
TLAXCALA,APIZACO,19.423261662733044,-98.12725229
TLAXCALA,ATLANGATEPEC,19.545058623546517,-98.18293334
TLAXCALA,ATLTZAYANCA,19.412029722827178,-97.79265806
TLAXCALA,BENITO JUAREZ,19.595130831486554,-98.40913643
TLAXCALA,CALPULALPAN,19.56096268547124,-98.58936477
TLAXCALA,CHIAUTEMPAN,19.289759694323333,-98.13110553
TLAXCALA,CONTLA DE JUAN CUAMATZI,19.319960637724538,-98.13339469
TLAXCALA,CUAPIAXTLA,19.332194659994588,-97.76592428
TLAXCALA,CUAXOMULCO,19.34998887334349,-98.09162805
TLAXCALA,EL CARMEN TEQUEXQUITLA,19.335706495885113,-97.6743247
TLAXCALA,EMILIANO ZAPATA,19.563776649442072,-97.92596731
TLAXCALA,ESPANITA,19.444458431404346,-98.43685077
TLAXCALA,HUAMANTLA,19.332443611450692,-97.93643381
TLAXCALA,HUEYOTLIPAN,19.488205507237865,-98.34226608
TLAXCALA,IXTACUIXTLA DE MARIANO MATAMOROS,19.356112852193625,-98.38330259
TLAXCALA,IXTENCO,19.257584620294846,-97.91135452
TLAXCALA,LA MAGDALENA TLALTELULCO,19.278056666731608,-98.19140751
TLAXCALA,LAZARO CARDENAS,19.533290519733367,-97.99078452
TLAXCALA,MAZATECOCHCO DE JOSE MARIA MOREL,19.191748105142775,-98.16432482
TLAXCALA,MUNOZ DE DOMINGO ARENAS,19.506090376859458,-98.23348195
TLAXCALA,NANACAMILPA DE MARIANO ARISTA,19.499825901519042,-98.55402812
TLAXCALA,NATIVITAS,19.233314702250862,-98.33196217
TLAXCALA,PANOTLA,19.35211768920655,-98.28415338
TLAXCALA,PAPALOTLA DE XICOHTENCATL,19.172258113566556,-98.19723093
TLAXCALA,SAN DAMIAN TEXOLOC,19.286181345343003,-98.29850257
TLAXCALA,SAN FRANCISCO TETLANOHCAN,19.257111191475527,-98.0840438
TLAXCALA,SAN JERONIMO ZACUALPAN,19.24814806040423,-98.26414296
TLAXCALA,SAN JOSE TEACALCO,19.323613763549265,-98.04931457
TLAXCALA,SAN JUAN HUACTZINCO,19.234706916447383,-98.2540563
TLAXCALA,SAN LORENZO AXOCOMANITLA,19.217220613380512,-98.26104831
TLAXCALA,SAN LUCAS TECOPILCO,19.49125148318681,-98.25555932
TLAXCALA,SAN PABLO DEL MONTE,19.15611741120257,-98.14036411
TLAXCALA,SANCTORUM DE LAZARO CARDENAS,19.533056005731314,-98.45254174
TLAXCALA,SANTA ANA NOPALUCAN,19.297011030192845,-98.33322249
TLAXCALA,SANTA APOLONIA TEACALCO,19.24592574924998,-98.31344774
TLAXCALA,SANTA CATARINA AYOMETLA,19.19341922431983,-98.2164145
TLAXCALA,SANTA CRUZ QUILEHTLA,19.211235264343404,-98.20459184
TLAXCALA,SANTA CRUZ TLAXCALA,19.352942095162714,-98.1305674
TLAXCALA,SANTA ISABEL XILOXOXTLA,19.26246377192385,-98.20657922
TLAXCALA,TENANCINGO,19.150748262671257,-98.19028499
TLAXCALA,TEOLOCHOLCO,19.22284974419961,-98.11629566
TLAXCALA,TEPETITLA DE LARDIZABAL,19.281958385596745,-98.37922152
TLAXCALA,TEPEYANCO,19.247071727712346,-98.2284476
TLAXCALA,TERRENATE,19.48399400278977,-97.93446835
TLAXCALA,TETLA DE LA SOLIDARIDAD,19.482244163433112,-98.07635291
TLAXCALA,TETLATLAHUCA,19.233892222905087,-98.28744367
TLAXCALA,TLAXCALA,19.30953031063054,-98.23666253
TLAXCALA,TLAXCO,19.62012971096489,-98.17701652
TLAXCALA,TOCATLAN,19.388842191073177,-98.01614633
TLAXCALA,TOTOLAC,19.33613583629695,-98.24855966
TLAXCALA,TZOMPANTEPEC,19.380721301417786,-98.08523046
TLAXCALA,XALOZTOC,19.41617132069198,-98.02915359
TLAXCALA,XALTOCAN,19.430202958515107,-98.23956475
TLAXCALA,XICOHTZINCO,19.171186681124492,-98.24133799
TLAXCALA,YAUHQUEMEHCAN,19.402243339876833,-98.17791194
TLAXCALA,ZACATELCO,19.19384802388474,-98.2603846
TLAXCALA,ZILTLALTEPEC DE TRINIDAD SANCHEZ,19.21168209876152,-97.92673899
VERACRUZ,ACAJETE,19.56471388675488,-97.04423266
VERACRUZ,ACATLAN,19.691705591048944,-96.84017641
VERACRUZ,ACAYUCAN,18.036679300130512,-95.03261136
VERACRUZ,ACTOPAN,19.54610168028991,-96.52893072
VERACRUZ,ACULA,18.55371016476756,-95.80227996
VERACRUZ,ACULTZINGO,18.71614672361185,-97.27642307
VERACRUZ,AGUA DULCE,18.08405886633896,-94.16171678
VERACRUZ,ALAMO TEMAPACHE,20.971187411602994,-97.71042541
VERACRUZ,ALPATLAHUAC,19.097727711116836,-97.13567824
VERACRUZ,ALTO LUCERO DE GUTIERREZ BARRIOS,19.71769048123124,-96.58349883
VERACRUZ,ALTOTONGA,19.776274651234726,-97.12733097
VERACRUZ,ALVARADO,18.803318209311467,-95.8531295
VERACRUZ,AMATITLAN,18.43329466501164,-95.68972185
VERACRUZ,AMATLAN DE LOS REYES,18.85975188072137,-96.87617372
VERACRUZ,ANGEL R. CABADA,18.60202055033474,-95.39232785
VERACRUZ,APAZAPAN,19.338234254661124,-96.67004062
VERACRUZ,AQUILA,18.788890231167194,-97.32424391
VERACRUZ,ASTACINGA,18.561755593258656,-97.10034096
VERACRUZ,ATLAHUILCO,18.67911237312496,-97.10792737
VERACRUZ,ATOYAC,18.927929490430184,-96.79654381
VERACRUZ,ATZACAN,18.944325722298146,-97.07789467
VERACRUZ,ATZALAN,19.908126827079904,-97.11576299
VERACRUZ,AYAHUALULCO,19.40239567294428,-97.18310034
VERACRUZ,BANDERILLA,19.58678637810565,-96.94294025
VERACRUZ,BENITO JUAREZ,20.819242216471498,-98.17863349
VERACRUZ,BOCA DEL RIO,19.117216213898793,-96.12146356
VERACRUZ,CALCAHUALCO,19.11327219108318,-97.17826511
VERACRUZ,CAMARON DE TEJEDA,19.010881067664478,-96.56902009
VERACRUZ,CAMERINO Z. MENDOZA,18.790429823727592,-97.16339541
VERACRUZ,CARLOS A. CARRILLO,18.327025028670057,-95.71894906
VERACRUZ,CARRILLO PUERTO,18.81662190777237,-96.58192323
VERACRUZ,CASTILLO DE TEAYO,20.731943145483704,-97.66908585
VERACRUZ,CATEMACO,18.43307796602991,-95.02593063
VERACRUZ,CAZONES DE HERRERA,20.714403185118073,-97.28559477
VERACRUZ,CERRO AZUL,21.18737154759557,-97.76923097
VERACRUZ,CHACALTIANGUIS,18.214376303880133,-95.80756628
VERACRUZ,CHALMA,21.196584792376957,-98.33702086
VERACRUZ,CHICONAMEL,21.253801723312908,-98.46718251
VERACRUZ,CHICONQUIACO,19.754402437643567,-96.77459288
VERACRUZ,CHICONTEPEC,21.003252520767024,-98.04062246
VERACRUZ,CHINAMECA,18.05983235357403,-94.70118042
VERACRUZ,CHINAMPA DE GOROSTIZA,21.376453825209413,-97.6689843
VERACRUZ,CHOCAMAN,19.000606999583614,-97.03952586
VERACRUZ,CHONTLA,21.386218974665905,-97.97834374
VERACRUZ,CHUMATLAN,20.22280836937331,-97.585068
VERACRUZ,CITLALTEPETL,21.342773865105197,-97.88875569
VERACRUZ,COACOATZINTLA,19.676206218891643,-96.94979726
VERACRUZ,COAHUITLAN,20.269118919005493,-97.70579953
VERACRUZ,COATEPEC,19.447546894165313,-96.93054617
VERACRUZ,COATZACOALCOS,18.131521809842567,-94.39369421
VERACRUZ,COATZINTLA,20.427455269672702,-97.53741247
VERACRUZ,COETZALA,18.77541273102112,-96.92152001
VERACRUZ,COLIPA,19.933517969870184,-96.70518025
VERACRUZ,COMAPA,19.13916910887989,-96.68554216
VERACRUZ,CORDOBA,18.93236782230757,-96.93845744
VERACRUZ,COSAMALOAPAN DE CARPIO,18.30184655164059,-95.97342837
VERACRUZ,COSAUTLAN DE CARVAJAL,19.33144886482055,-96.96713971
VERACRUZ,COSCOMATEPEC,19.05332286,-97.08946644
VERACRUZ,COSOLEACAQUE,18.01677991394584,-94.56654788
VERACRUZ,COTAXTLA,18.862688709791147,-96.36619141
VERACRUZ,COXQUIHUI,20.214630199646383,-97.55029855
VERACRUZ,COYUTLA,20.33842178031464,-97.66568389
VERACRUZ,CUICHAPA,18.76755799082649,-96.82091392
VERACRUZ,CUITLAHUAC,18.776302554334894,-96.65952086
VERACRUZ,EL HIGO,21.749268738527473,-98.41892066
VERACRUZ,EMILIANO ZAPATA,19.44000586608984,-96.73143616
VERACRUZ,ESPINAL,20.27593468,-97.49682234
VERACRUZ,FILOMENO MATA,20.205281618263275,-97.69907974
VERACRUZ,FORTIN,18.90215487381926,-96.99007093
VERACRUZ,GUTIERREZ ZAMORA,20.446561395633704,-97.10917117
VERACRUZ,HIDALGOTITLAN,17.554005671190257,-94.62032277
VERACRUZ,HUATUSCO,19.136802147970943,-96.93977451
VERACRUZ,HUAYACOCOTLA,20.517711602207097,-98.46760021
VERACRUZ,HUEYAPAN DE OCAMPO,18.197111743824674,-95.15482306
VERACRUZ,HUILOAPAN DE CUAUHTEMOC,18.81730721371914,-97.13310201
VERACRUZ,IGNACIO DE LA LLAVE,18.666026852293882,-95.96318062
VERACRUZ,ILAMATLAN,20.78128496744185,-98.42647992
VERACRUZ,ISLA,18.082148028710755,-95.55839757
VERACRUZ,IXCATEPEC,21.238595021428182,-98.02099761
VERACRUZ,IXHUACAN DE LOS REYES,19.36556807562324,-97.09226901
VERACRUZ,IXHUATLAN DE MADERO,20.723053357474154,-98.00998056
VERACRUZ,IXHUATLAN DEL CAFE,19.037400845144703,-96.93083244
VERACRUZ,IXHUATLAN DEL SURESTE,17.985403585131646,-94.39446082
VERACRUZ,IXHUATLANCILLO,18.889886615646343,-97.16658676
VERACRUZ,IXMATLAHUACAN,18.476081079723986,-95.88585189
VERACRUZ,IXTACZOQUITLAN,18.850565917846758,-97.02901322
VERACRUZ,JALACINGO,19.764717819429418,-97.29189219
VERACRUZ,JALCOMULCO,19.33952825195913,-96.75579834
VERACRUZ,JALTIPAN,17.87025079928522,-94.71566411
VERACRUZ,JAMAPA,18.99968403269187,-96.25323055
VERACRUZ,JESUS CARRANZA,17.41872989755255,-94.90400086
VERACRUZ,JILOTEPEC,19.61118749720791,-96.91648181
VERACRUZ,JOSE AZUETA,18.114120970373943,-95.70208794
VERACRUZ,JUAN RODRIGUEZ CLARA,17.981537409020568,-95.36585165
VERACRUZ,JUCHIQUE DE FERRER,19.818944879467956,-96.66163895
VERACRUZ,LA ANTIGUA,19.30991775939637,-96.30921789
VERACRUZ,LA PERLA,18.989704111189454,-97.19234893
VERACRUZ,LANDERO Y COSS,19.744023670809092,-96.85383873
VERACRUZ,LAS CHOAPAS,17.535452227657444,-93.95668775
VERACRUZ,LAS MINAS,19.703865000763678,-97.14990336
VERACRUZ,LAS VIGAS DE RAMIREZ,19.622283819557293,-97.09478186
VERACRUZ,LERDO DE TEJADA,18.656586524865226,-95.50058688
VERACRUZ,LOS REYES,18.67397932593822,-97.04343853
VERACRUZ,MAGDALENA,18.76720718515984,-97.04618511
VERACRUZ,MALTRATA,18.836525749847763,-97.26566391
VERACRUZ,MANLIO FABIO ALTAMIRANO,19.104865170733177,-96.33945019
VERACRUZ,MARIANO ESCOBEDO,18.93297294388104,-97.1838514
VERACRUZ,MARTINEZ DE LA TORRE,20.13354816029273,-97.05103274
VERACRUZ,MECATLAN,20.20800857618634,-97.652615
VERACRUZ,MECAYAPAN,18.28918802285869,-94.81604268
VERACRUZ,MEDELLIN,18.988245899719573,-96.16192503
VERACRUZ,MIAHUATLAN,19.724035246851386,-96.88144635
VERACRUZ,MINATITLAN,17.71141153096315,-94.38821047
VERACRUZ,MISANTLA,19.962586295005675,-96.88543722
VERACRUZ,MIXTLA DE ALTAMIRANO,18.59166246662187,-96.97677314
VERACRUZ,MOLOACAN,17.98267480529184,-94.28574276
VERACRUZ,NANCHITAL DE LAZARO CARDENAS,18.06226351294965,-94.39005207
VERACRUZ,NAOLINCO,19.633277261154376,-96.84098748
VERACRUZ,NARANJAL,18.79488771871959,-96.95705857
VERACRUZ,NARANJOS AMATLAN,21.31317132885229,-97.68538713
VERACRUZ,NAUTLA,20.106888461488904,-96.79333055
VERACRUZ,NOGALES,18.82535599754603,-97.19899721
VERACRUZ,OLUTA,17.90321739808674,-94.89165324
VERACRUZ,OMEALCA,18.71203315336411,-96.70320207
VERACRUZ,ORIZABA,18.85586189287514,-97.10480787
VERACRUZ,OTATITLAN,18.166002441935504,-96.03389015
VERACRUZ,OTEAPAN,17.98879647,-94.67362428
VERACRUZ,OZULUAMA DE MASCARENAS,21.724212095639626,-97.90181707
VERACRUZ,PAJAPAN,18.20356989401477,-94.6788741
VERACRUZ,PANUCO,22.113938065081143,-98.25652651
VERACRUZ,PAPANTLA,20.41087917175986,-97.28634315
VERACRUZ,PASO DE OVEJAS,19.246367127859237,-96.45004916
VERACRUZ,PASO DEL MACHO,18.942696101077452,-96.66301274
VERACRUZ,PEROTE,19.528437496897826,-97.27889595
VERACRUZ,PLATON SANCHEZ,21.29478302,-98.37572296
VERACRUZ,PLAYA VICENTE,17.767002504283344,-95.64516654
VERACRUZ,POZA RICA DE HIDALGO,20.53004888232526,-97.43847188
VERACRUZ,PUEBLO VIEJO,22.15888282,-97.92436861
VERACRUZ,PUENTE NACIONAL,19.301326993015945,-96.56567186
VERACRUZ,RAFAEL DELGADO,18.802929831283016,-97.09560036
VERACRUZ,RAFAEL LUCIO,19.599590566654637,-96.98482614
VERACRUZ,RIO BLANCO,18.844498308694433,-97.1509199
VERACRUZ,SALTABARRANCA,18.56197247967854,-95.5213724
VERACRUZ,SAN ANDRES TENEJAPAN,18.772260117525033,-97.09302106
VERACRUZ,SAN ANDRES TUXTLA,18.46716112276648,-95.22222818
VERACRUZ,SAN JUAN EVANGELISTA,17.76597681950794,-95.1620238
VERACRUZ,SAN RAFAEL,20.21717023977147,-96.91560103
VERACRUZ,SANTIAGO SOCHIAPAN,17.625100717479263,-95.66494263
VERACRUZ,SANTIAGO TUXTLA,18.399318969138545,-95.39983457
VERACRUZ,SAYULA DE ALEMAN,17.724704574685568,-94.94589874
VERACRUZ,SOCHIAPA,19.17320741246841,-96.92231546
VERACRUZ,SOCONUSCO,18.002489215817427,-94.83464605
VERACRUZ,SOLEDAD ATZOMPA,18.706895968386686,-97.18624473
VERACRUZ,SOLEDAD DE DOBLADO,19.04891537974608,-96.45317706
VERACRUZ,SOTEAPAN,18.23697538603049,-94.90079557
VERACRUZ,TAMALIN,21.499539900100118,-97.67154265
VERACRUZ,TAMIAHUA,21.28403751,-97.50690993
VERACRUZ,TAMPICO ALTO,21.929267254835082,-97.77654948
VERACRUZ,TANCOCO,21.262967734122352,-97.77894275
VERACRUZ,TANTIMA,21.426956402906686,-97.75595112
VERACRUZ,TANTOYUCA,21.388970091728346,-98.17126332
VERACRUZ,TATAHUICAPAN DE JUAREZ,18.368329127214352,-94.78739086
VERACRUZ,TATATILA,19.71156675109069,-97.0841881
VERACRUZ,TECOLUTLA,20.38511754,-97.02547256
VERACRUZ,TEHUIPANGO,18.529874552681584,-97.05242196
VERACRUZ,TEMPOAL,21.568850458305192,-98.38160913
VERACRUZ,TENAMPA,19.260296503655187,-96.84099228
VERACRUZ,TENOCHTITLAN,19.814513018705156,-96.93921024
VERACRUZ,TEOCELO,19.373803360508788,-96.94156812
VERACRUZ,TEPATLAXCO,19.04497749208524,-96.85321115
VERACRUZ,TEPETLAN,19.66861358427876,-96.77330435
VERACRUZ,TEPETZINTLA,21.14866246163446,-97.86305559
VERACRUZ,TEQUILA,18.736802490396897,-97.04434375
VERACRUZ,TEXCATEPEC,20.624214319207844,-98.30878676
VERACRUZ,TEXHUACAN,18.618996705810183,-97.03205768
VERACRUZ,TEXISTEPEC,17.784480444924114,-94.79676342
VERACRUZ,TEZONAPA,18.579745782949047,-96.77611258
VERACRUZ,TIERRA BLANCA,18.549679965477875,-96.28569437
VERACRUZ,TIHUATLAN,20.66040230043816,-97.53020177
VERACRUZ,TLACHICHILCO,20.611554520585067,-98.18534265
VERACRUZ,TLACOJALPAN,18.196378225100688,-95.9466052
VERACRUZ,TLACOLULAN,19.70186462141983,-97.00467801
VERACRUZ,TLACOTALPAN,18.534353002155633,-95.622885
VERACRUZ,TLACOTEPEC DE MEJIA,19.183286719832267,-96.78128481
VERACRUZ,TLALIXCOYAN,18.754983418981507,-96.16951857
VERACRUZ,TLALNELHUAYOCAN,19.541111947210762,-96.98303599
VERACRUZ,TLALTETELA,19.288459131479936,-96.82479515
VERACRUZ,TLAPACOYAN,20.02356968369912,-97.17443101
VERACRUZ,TLAQUILPA,18.60940813912842,-97.10486705
VERACRUZ,TLILAPAN,18.79439858030082,-97.07733226
VERACRUZ,TOMATLAN,19.02185519260435,-96.99684613
VERACRUZ,TONAYAN,19.723528322320966,-96.92140573
VERACRUZ,TOTUTLA,19.226191963205856,-96.89706259
VERACRUZ,TRES VALLES,18.303095221202703,-96.16828061
VERACRUZ,TUXPAN,20.93352410115204,-97.41321943
VERACRUZ,TUXTILLA,18.188032761318897,-95.8802282
VERACRUZ,URSULO GALVAN,19.43769730408971,-96.38838639
VERACRUZ,UXPANAPA,17.27687310817706,-94.35585899
VERACRUZ,VEGA DE ALATORRE,19.976438776406557,-96.63435157
VERACRUZ,VERACRUZ,19.185603502548727,-96.222198
VERACRUZ,VILLA ALDAMA,19.65194920822676,-97.20293211
VERACRUZ,XALAPA,19.543869796791398,-96.88834477
VERACRUZ,XICO,19.447817209773504,-97.05833604
VERACRUZ,XOXOCOTLA,18.632674960918358,-97.16357951
VERACRUZ,YANGA,18.826473493653065,-96.7996396
VERACRUZ,YECUATLA,19.84816785373904,-96.77341545
VERACRUZ,ZACUALPAN,20.495443246853377,-98.34406513
VERACRUZ,ZARAGOZA,17.950477681881146,-94.63867524
VERACRUZ,ZENTLA,19.06716755589178,-96.73382709
VERACRUZ,ZONGOLICA,18.649260512159447,-96.92548506
VERACRUZ,ZONTECOMATLAN DE LOPEZ Y FUENTES,20.734326508849744,-98.30312036
VERACRUZ,ZOZOCOLCO DE HIDALGO,20.13393602710256,-97.55857395
YUCATAN,ABALA,20.65519595501172,-89.65038354
YUCATAN,ACANCEH,20.82448593665588,-89.44744388
YUCATAN,AKIL,20.262062441756225,-89.34837905
YUCATAN,BACA,21.134456164403282,-89.39940637
YUCATAN,BOKOBA,21.000512327657184,-89.17563894
YUCATAN,BUCTZOTZ,21.221767190021836,-88.6496238
YUCATAN,CACALCHEN,20.980256212937928,-89.2512884
YUCATAN,CALOTMUL,21.01412030061025,-88.12445167
YUCATAN,CANSAHCAB,21.16573963282653,-89.07320278
YUCATAN,CANTAMAYEC,20.425330409528637,-89.0493487
YUCATAN,CELESTUN,20.88821727544238,-90.27803786
YUCATAN,CENOTILLO,21.030710210821415,-88.58078183
YUCATAN,CHACSINKIN,20.19371447669243,-89.01828028
YUCATAN,CHANKOM,20.496559855682392,-88.56928301
YUCATAN,CHAPAB,20.49854260157183,-89.48608378
YUCATAN,CHEMAX,20.760250236194306,-87.82448745
YUCATAN,CHICHIMILA,20.437091072738486,-88.18155117
YUCATAN,CHICXULUB PUEBLO,21.150731031700246,-89.52674427
YUCATAN,CHIKINDZONOT,20.273862378064567,-88.52659401
YUCATAN,CHOCHOLA,20.729999925011537,-89.84872811
YUCATAN,CHUMAYEL,20.471470105260078,-89.2807338
YUCATAN,CONKAL,21.082113924799387,-89.51377024
YUCATAN,CUNCUNUL,20.624019300649444,-88.34805696
YUCATAN,CUZAMA,20.719148721600114,-89.34527876
YUCATAN,DZAN,20.402157157216898,-89.44465382
YUCATAN,DZEMUL,21.255921558220315,-89.34248712
YUCATAN,DZIDZANTUN,21.291361510788597,-89.02505695
YUCATAN,DZILAM DE BRAVO,21.432767741069934,-88.66838042
YUCATAN,DZILAM GONZALEZ,21.331780318138783,-88.73536934
YUCATAN,DZITAS,20.835470787505052,-88.53360071
YUCATAN,DZONCAUICH,21.08421779439001,-88.83979105
YUCATAN,ESPITA,21.021205034788263,-88.35707775
YUCATAN,HALACHO,20.565341435224465,-90.21681676
YUCATAN,HOCABA,20.807531572844603,-89.24553897
YUCATAN,HOCTUN,20.876018374036267,-89.15922361
YUCATAN,HOMUN,20.681040829508415,-89.2520665
YUCATAN,HUHI,20.695806636264738,-89.13150791
YUCATAN,HUNUCMA,21.070107057096223,-89.9844609
YUCATAN,IXIL,21.23769907093187,-89.4734919
YUCATAN,IZAMAL,20.915678195936994,-88.98680515
YUCATAN,KANASIN,20.918541761388116,-89.53692302
YUCATAN,KANTUNIL,20.75982465523404,-88.98353862
YUCATAN,KAUA,20.599628581641472,-88.43751118
YUCATAN,KINCHIL,20.851765785731395,-90.0508828
YUCATAN,KOPOMA,20.641553831491084,-89.89896356
YUCATAN,MAMA,20.50261242416687,-89.38335188
YUCATAN,MANI,20.383966509422283,-89.36898726
YUCATAN,MAXCANU,20.621942261829144,-90.06972589
YUCATAN,MAYAPAN,20.491160679159982,-89.18590727
YUCATAN,MERIDA,20.984071690280985,-89.63952557
YUCATAN,MOCOCHA,21.132429016829732,-89.45419552
YUCATAN,MOTUL,21.14382651,-89.27801583
YUCATAN,MUNA,20.45329422967596,-89.73825346
YUCATAN,MUXUPIP,21.05104329468047,-89.32380261
YUCATAN,OPICHEN,20.551276495723027,-89.84671148
YUCATAN,OXKUTZCAB,20.147166637641533,-89.52253785
YUCATAN,PANABA,21.353779129920813,-88.30880152
YUCATAN,PETO,20.07748679826757,-88.82791737
YUCATAN,PROGRESO,21.229095933858552,-89.6643221
YUCATAN,QUINTANA ROO,20.842693881979063,-88.63583467
YUCATAN,RIO LAGARTOS,21.54549436705911,-88.08284507
YUCATAN,SACALUM,20.52877179,-89.61901567
YUCATAN,SAMAHIL,20.840754095971604,-89.91775368
YUCATAN,SAN FELIPE,21.492374427116626,-88.31610266
YUCATAN,SANAHCAT,20.764116518881472,-89.21018653
YUCATAN,SANTA ELENA,20.268300005955478,-89.72647657
YUCATAN,SEYE,20.841002670527004,-89.37085568
YUCATAN,SINANCHE,21.270398800048508,-89.19865585
YUCATAN,SOTUTA,20.607456168419645,-88.98802889
YUCATAN,SUCILA,21.209657660148725,-88.37183609
YUCATAN,SUDZAL,20.80483831017503,-88.8892138
YUCATAN,SUMA,21.104193247070672,-89.15125015
YUCATAN,TAHDZIU,20.247777263653308,-88.9046864
YUCATAN,TAHMEK,20.894679714947856,-89.28562926
YUCATAN,TEABO,20.37731325779923,-89.22147358
YUCATAN,TECOH,20.661693057947364,-89.45733987
YUCATAN,TEKAL DE VENEGAS,21.021934442792293,-88.84828985
YUCATAN,TEKANTO,21.006160393419897,-89.10192731
YUCATAN,TEKAX,19.932228661417177,-89.30074612
YUCATAN,TEKIT,20.570790815794496,-89.27298493
YUCATAN,TEKOM,20.493033112811116,-88.39581352
YUCATAN,TELCHAC PUEBLO,21.217483927555637,-89.2557063
YUCATAN,TELCHAC PUERTO,21.312901884365807,-89.27732506
YUCATAN,TEMAX,21.16703413972824,-88.87353539
YUCATAN,TEMOZON,20.89859084289879,-88.0644649
YUCATAN,TEPAKAN,21.068025742624226,-89.0024755
YUCATAN,TETIZ,20.95619609214949,-90.05809417
YUCATAN,TEYA,21.06564334,-89.06610202
YUCATAN,TICUL,20.36038806353517,-89.56129083
YUCATAN,TIMUCUY,20.76611741655887,-89.53564071
YUCATAN,TINUM,20.726626299081016,-88.50839669
YUCATAN,TIXCACALCUPUL,20.39167373632545,-88.32315289
YUCATAN,TIXKOKOB,20.978743201783914,-89.37603631
YUCATAN,TIXMEHUAC,20.24682345494636,-89.0869485
YUCATAN,TIXPEHUAL,20.963471255871585,-89.46454816
YUCATAN,TIZIMIN,21.257055779435763,-87.84798891
YUCATAN,TUNKAS,20.886232143979942,-88.74680818
YUCATAN,TZUCACAB,19.938035017523404,-89.04678505
YUCATAN,UAYMA,20.780063249077678,-88.36235766
YUCATAN,UCU,21.062957263582916,-89.77988664
YUCATAN,UMAN,20.85247342360947,-89.76543103
YUCATAN,VALLADOLID,20.638373231488583,-88.10839363
YUCATAN,XOCCHEL,20.805201180493746,-89.12382555
YUCATAN,YAXCABA,20.48064362598186,-88.76971405
YUCATAN,YAXKUKUL,21.057260249568728,-89.44381964
YUCATAN,YOBAIN,21.288175455406964,-89.12039244
ZACATECAS,APOZOL,21.472349219307393,-103.0738144
ZACATECAS,APULCO,21.466994663047025,-102.6918762
ZACATECAS,ATOLINGA,21.786513706376056,-103.4465838
ZACATECAS,BENITO JUAREZ,21.49563249755326,-103.5817989
ZACATECAS,CALERA,22.956895171126742,-102.7468215
ZACATECAS,CANITAS DE FELIPE PESCADOR,23.577327874402553,-102.732615
ZACATECAS,CHALCHIHUITES,23.418070538011435,-103.910391
ZACATECAS,CONCEPCION DEL ORO,24.453231152670302,-101.2412782
ZACATECAS,CUAUHTEMOC,22.44872831,-102.390194
ZACATECAS,EL PLATEADO DE JOAQUIN AMARO,21.999054222306196,-103.0500905
ZACATECAS,EL SALVADOR,24.449657606422114,-100.9047093
ZACATECAS,FRESNILLO,23.236826765963837,-102.9959383
ZACATECAS,GENARO CODINA,22.477949828882156,-102.5591861
ZACATECAS,GENERAL ENRIQUE ESTRADA,23.015502991426622,-102.7878492
ZACATECAS,GENERAL FRANCISCO R. MURGUIA,24.137451703051166,-102.8116043
ZACATECAS,GENERAL PANFILO NATERA,22.69015671987519,-102.119984
ZACATECAS,GUADALUPE,22.780202936144516,-102.4076294
ZACATECAS,HUANUSCO,21.77208281230742,-102.9278647
ZACATECAS,JALPA,21.62368163306742,-102.9982926
ZACATECAS,JEREZ,22.72548291445272,-102.9919733
ZACATECAS,JIMENEZ DEL TEUL,23.175208802591442,-103.9533271
ZACATECAS,JUAN ALDAMA,24.294266107183795,-103.3031817
ZACATECAS,JUCHIPILA,21.376706686495876,-103.124084
ZACATECAS,LORETO,22.284582341335508,-101.9588052
ZACATECAS,LUIS MOYA,22.43429896413423,-102.2255576
ZACATECAS,MAZAPIL,24.351924001793943,-101.9227957
ZACATECAS,MELCHOR OCAMPO,24.91536221664078,-101.9999469
ZACATECAS,MEZQUITAL DEL ORO,21.194549547196115,-103.3337552
ZACATECAS,MIGUEL AUZA,24.117374178882105,-103.4883779
ZACATECAS,MOMAX,21.939032963878205,-103.2480939
ZACATECAS,MONTE ESCOBEDO,22.37505619880662,-103.4618775
ZACATECAS,MORELOS,22.852462679220015,-102.6728816
ZACATECAS,MOYAHUA DE ESTRADA,21.19863024,-103.1643097
ZACATECAS,NOCHISTLAN DE MEJIA,21.41740362,-102.8595105
ZACATECAS,NORIA DE ANGELES,22.396699207233556,-101.9155517
ZACATECAS,OJOCALIENTE,22.56837521712305,-102.2164423
ZACATECAS,PANUCO,22.991323706787927,-102.4757078
ZACATECAS,PINOS,22.269016085120604,-101.5287983
ZACATECAS,RIO GRANDE,23.78296102862055,-103.0318616
ZACATECAS,SAIN ALTO,23.563198242486628,-103.239934
ZACATECAS,SANTA MARIA DE LA PAZ,21.52254412731094,-103.3439
ZACATECAS,SOMBRERETE,23.640161141136048,-103.6147796
ZACATECAS,SUSTICACAN,22.631297936183767,-103.1939799
ZACATECAS,TABASCO,21.934342762164547,-102.9331123
ZACATECAS,TEPECHITLAN,21.624462678010925,-103.3567261
ZACATECAS,TEPETONGO,22.444111072610223,-103.1368409
ZACATECAS,TEUL DE GONZALEZ ORTEGA,21.363714618977436,-103.4532459
ZACATECAS,TLALTENANGO DE SANCHEZ ROMAN,21.78479067819039,-103.2271853
ZACATECAS,TRANCOSO,22.75562892459355,-102.3120031
ZACATECAS,TRINIDAD GARCIA DE LA CADENA,21.21692274815669,-103.5031997
ZACATECAS,VALPARAISO,22.77899578511775,-103.7528186
ZACATECAS,VETAGRANDE,22.848060237248895,-102.4826363
ZACATECAS,VILLA DE COS,23.604835762832014,-102.1763669
ZACATECAS,VILLA GARCIA,22.129661062538663,-101.8923553
ZACATECAS,VILLA GONZALEZ ORTEGA,22.551865946033914,-101.9537329
ZACATECAS,VILLA HIDALGO,22.407358432206067,-101.7143185
ZACATECAS,VILLANUEVA,22.298265246439485,-102.8515083
ZACATECAS,ZACATECAS,22.73573456846587,-102.6780786
QUINTANA ROO,PUERTO MORELOS,20.85361111,-86.87527778
OAXACA,TEZOATLAN DE SEGURA Y LUNA,17.56666667,-97.85